Workbook

Sheet Summary
A1: Development Activity: Equal-Metric Results | B1: Value
A2: Main-list entries | B2: 112
A3: Metrics | B3: 13
A4: Exact weight per metric | B4: 0.076923077
A5: Displayed weight per metric | B5: 7.69%
A6: Final score denominator | B6: 13
A7: Overall coverage eligibility rule | B7: None
A8: Unavailable metric treatment | B8: 0 in final score
A9: Mean zero-filled score | B9: =AVERAGE(Scoring!U2:U113) -> 45.672273
A10: Median zero-filled score | B10: =MEDIAN(Scoring!U2:U113) -> 51.658462
A11: Minimum score | B11: =MIN(Scoring!U2:U113) -> 0
A12: Maximum score | B12: =MAX(Scoring!U2:U113) -> 93.395385
A13: Mean observed coverage | B13: =AVERAGE(Coverage!Q2:Q113) -> 0.77129121
A14: Entries with all 13 metrics observed | B14: 45
A15: Register assessable=yes | B15: 102
A16: Register assessable=no | B16: 10
A17: Mean final score (Python check) | B17: 45.672273
A18: Repository register input | B18: repos.csv
A19: Git metrics input | B19: git_metrics.csv
A20: GitHub/API input | B20: gh_metrics.csv
A21: Manual metrics input | B21: manual_metrics.csv
A22: Interpretation | B22: Zero-filled results include missingness/platform availability; review status and metric-level diagnostics before comparing.

Sheet Scoring
A1: OISI ID | B1: Infrastructure | C1: Classification | D1: Repository status | E1: Primary repo(s) | F1: Git status | G1: GitHub/API status | H1: m1_commits | I1: m2_active_weeks | J1: m3_recency | K1: m4_releases | L1: m5_contributors | M1: m6_effective_contributors | N1: m7_retention | O1: m8_issue_response | P1: m9_pr_response | Q1: m10_issue_close90 | R1: m11_pr_decision30 | S1: m12_stars | T1: m13_forks | U1: Final score / 100 | V1: Rank (average ties) | W1: Available metrics (of 13) | X1: Observed coverage | Y1: Observed-only mean | Z1: Assessment interpretation | AA1: Data-quality notes
A2: C4-001 | B2: 2i2c | C2: software | D2: Ready | E2: 2i2c-org/infrastructure | F2: complete | G2: complete | H2: =Calc!H2 -> 100 | I2: =Calc!I2 -> 100 | J2: =Calc!J2 -> 100 | K2: =Calc!K2 -> 0 | L2: =Calc!L2 -> 100 | M2: =Calc!M2 -> 76.91 | N2: =Calc!N2 -> 100 | O2: =Calc!O2 -> 40.74 | ... T2: =Calc!T2 -> 67.94 | U2: =AVERAGE(H2:T2) -> 70.273846 | V2: =RANK(U2,$U$2:$U$113,0)+(COUNTIF($U$2:$U$113,U2)-1)/2 -> 25 | W2: =Coverage!P2 -> 13 | X2: =Coverage!Q2 -> 1 | Y2: =Coverage!R2 -> 70.273846 | Z2: Repository marked assessable in register | AA2: No missing metric inputs flagged by pipeline availability checks
A3: C4-002 | B3: Academic Preservation Trust (APTrust) | C3: software | D3: Ready | E3: APTrust/registry | F3: complete | G3: complete | H3: =Calc!H3 -> 73.19 | I3: =Calc!I3 -> 53.85 | J3: =Calc!J3 -> 100 | K3: =Calc!K3 -> 0 | L3: =Calc!L3 -> 40 | M3: =Calc!M3 -> 43.48 | N3: =Calc!N3 -> 75 | O3: =Calc!O3 -> 0 | ... T3: =Calc!T3 -> 0 | U3: =AVERAGE(H3:T3) -> 39.270769 | V3: =RANK(U3,$U$2:$U$113,0)+(COUNTIF($U$2:$U$113,U3)-1)/2 -> 71 | W3: =Coverage!P3 -> 13 | X3: =Coverage!Q3 -> 1 | Y3: =Coverage!R3 -> 39.270769 | Z3: Repository marked assessable in register | AA3: No missing metric inputs flagged by pipeline availability checks
A4: C4-003 | B4: AfricArXiv | C4: not-assessable | D4: Not assessable | H4: =Calc!H4 -> 0 | I4: =Calc!I4 -> 0 | J4: =Calc!J4 -> 0 | K4: =Calc!K4 -> 0 | L4: =Calc!L4 -> 0 | M4: =Calc!M4 -> 0 | N4: =Calc!N4 -> 0 | O4: =Calc!O4 -> 0 | ... T4: =Calc!T4 -> 0 | U4: =AVERAGE(H4:T4) -> 0 | V4: =RANK(U4,$U$2:$U$113,0)+(COUNTIF($U$2:$U$113,U4)-1)/2 -> 106 | W4: =Coverage!P4 -> 0 | X4: =Coverage!Q4 -> 0 | Y4: =Coverage!R4 -> 0 | Z4: NOT ASSESSABLE / EXCLUDED: numeric zero is a policy zero-fill, not measured inactivity | AA4: Repository register marks entry not assessable/excluded; zero-filled score is not evidence of inactivity; Git extraction incomplete or unavailable; GitHub/API extraction incomplete or no GitHub source; m8_issue_response unavailable; scored 0; m9_pr_response unavailable; scored 0; m10_issue_close90 unavailable; scored 0; m11_pr_decision30 unavailable; scored 0; GitHub adoption fields unavailable where no supported GitHub source exists; scored 0
A5: C4-004 | B5: Arches Heritage Data Management Platform | C5: software | D5: Ready | E5: archesproject/arches | F5: complete | G5: complete | H5: =Calc!H5 -> 94.95 | I5: =Calc!I5 -> 98.08 | J5: =Calc!J5 -> 100 | K5: =Calc!K5 -> 100 | L5: =Calc!L5 -> 95.1 | M5: =Calc!M5 -> 92.4 | N5: =Calc!N5 -> 100 | O5: =Calc!O5 -> 30.3 | ... T5: =Calc!T5 -> 61.39 | U5: =AVERAGE(H5:T5) -> 79.62 | V5: =RANK(U5,$U$2:$U$113,0)+(COUNTIF($U$2:$U$113,U5)-1)/2 -> 9 | W5: =Coverage!P5 -> 13 | X5: =Coverage!Q5 -> 1 | Y5: =Coverage!R5 -> 79.62 | Z5: Repository marked assessable in register | AA5: No missing metric inputs flagged by pipeline availability checks
A6: C4-005 | B6: Archipelago Commons | C6: software | D6: Org URL -> core module set | E6: esmero/strawberryfield;esmero/format_strawberryfield;esmero/webform_strawberryfield;esmero/strawberry_runners;esmero/ami;esmero/archipelago-deployment | F6: complete | G6: complete | H6: =Calc!H6 -> 75.64 | I6: =Calc!I6 -> 34.62 | J6: =Calc!J6 -> 100 | K6: =Calc!K6 -> 100 | L6: =Calc!L6 -> 31.7 | M6: =Calc!M6 -> 1.89 | N6: =Calc!N6 -> 25 | O6: =Calc!O6 -> 0 | ... T6: =Calc!T6 -> 34.87 | U6: =AVERAGE(H6:T6) -> 40.056154 | V6: =RANK(U6,$U$2:$U$113,0)+(COUNTIF($U$2:$U$113,U6)-1)/2 -> 69 | W6: =Coverage!P6 -> 11 | X6: =Coverage!Q6 -> 0.84615385 | Y6: =Coverage!R6 -> 47.339091 | Z6: Repository marked assessable in register | AA6: m8_issue_response below minimum eligible sample (n=8); scored 0; m10_issue_close90 below minimum eligible sample (n=6); scored 0
A7: C4-006 | B7: Archival Resource Key | C7: standard | D7: Resolved URL -> scoreable standard repo | E7: arks-org/arks.github.io | F7: complete | H7: =Calc!H7 -> 51.04 | I7: =Calc!I7 -> 23.08 | J7: =Calc!J7 -> 100 | K7: =Calc!K7 -> 50 | L7: =Calc!L7 -> 46.44 | M7: =Calc!M7 -> 34.75 | N7: =Calc!N7 -> 0 | O7: =Calc!O7 -> 0 | ... T7: =Calc!T7 -> 0 | U7: =AVERAGE(H7:T7) -> 23.485385 | V7: =RANK(U7,$U$2:$U$113,0)+(COUNTIF($U$2:$U$113,U7)-1)/2 -> 83 | W7: =Coverage!P7 -> 7 | X7: =Coverage!Q7 -> 0.53846154 | Y7: =Coverage!R7 -> 43.615714 | Z7: Repository marked assessable in register | AA7: GitHub/API extraction incomplete or no GitHub source; m8_issue_response unavailable; scored 0; m9_pr_response unavailable; scored 0; m10_issue_close90 unavailable; scored 0; m11_pr_decision30 unavailable; scored 0; GitHub adoption fields unavailable where no supported GitHub source exists; scored 0
A8: C4-007 | B8: Archivematica | C8: software | D8: Ready | E8: artefactual/archivematica | F8: complete | G8: complete | H8: =Calc!H8 -> 73.82 | I8: =Calc!I8 -> 73.08 | J8: =Calc!J8 -> 100 | K8: =Calc!K8 -> 75 | L8: =Calc!L8 -> 46.44 | M8: =Calc!M8 -> 41.9 | N8: =Calc!N8 -> 50 | O8: =Calc!O8 -> 47.5 | ... T8: =Calc!T8 -> 60.08 | U8: =AVERAGE(H8:T8) -> 61.393846 | V8: =RANK(U8,$U$2:$U$113,0)+(COUNTIF($U$2:$U$113,U8)-1)/2 -> 40 | W8: =Coverage!P8 -> 13 | X8: =Coverage!Q8 -> 1 | Y8: =Coverage!R8 -> 61.393846 | Z8: Repository marked assessable in register | AA8: No missing metric inputs flagged by pipeline availability checks
A9: C4-008 | B9: ArchivesSpace | C9: software | D9: Ready | E9: archivesspace/archivesspace | F9: complete | G9: complete | H9: =Calc!H9 -> 92.66 | I9: =Calc!I9 -> 98.08 | J9: =Calc!J9 -> 100 | K9: =Calc!K9 -> 100 | L9: =Calc!L9 -> 100 | M9: =Calc!M9 -> 92.4 | N9: =Calc!N9 -> 100 | O9: =Calc!O9 -> 41.18 | ... T9: =Calc!T9 -> 63.8 | U9: =AVERAGE(H9:T9) -> 81 | V9: =RANK(U9,$U$2:$U$113,0)+(COUNTIF($U$2:$U$113,U9)-1)/2 -> 8 | W9: =Coverage!P9 -> 13 | X9: =Coverage!Q9 -> 1 | Y9: =Coverage!R9 -> 81 | Z9: Repository marked assessable in register | AA9: No missing metric inputs flagged by pipeline availability checks
A10: C4-009 | B10: ARGOS | C10: software | D10: Keep (flag) | E10: OpenCDMP/OpenCDMP | F10: complete | G10: complete | H10: =Calc!H10 -> 23.3 | I10: =Calc!I10 -> 7.69 | J10: =Calc!J10 -> 52.13 | K10: =Calc!K10 -> 75 | L10: =Calc!L10 -> 0 | M10: =Calc!M10 -> 0 | N10: =Calc!N10 -> 0 | O10: =Calc!O10 -> 0 | ... T10: =Calc!T10 -> 23.8 | U10: =AVERAGE(H10:T10) -> 15.216923 | V10: =RANK(U10,$U$2:$U$113,0)+(COUNTIF($U$2:$U$113,U10)-1)/2 -> 93 | W10: =Coverage!P10 -> 9 | X10: =Coverage!Q10 -> 0.69230769 | Y10: =Coverage!R10 -> 21.98 | Z10: Repository marked assessable in register | AA10: m8_issue_response below minimum eligible sample (n=2); scored 0; m9_pr_response below minimum eligible sample (n=2); scored 0; m10_issue_close90 below minimum eligible sample (n=2); scored 0; m11_pr_decision30 below minimum eligible sample (n=2); scored 0
A11: C4-010 | B11: arXiv | C11: software | D11: Org URL -> primary repo | E11: arXiv/arxiv-browse | F11: complete | G11: complete | H11: =Calc!H11 -> 72.62 | I11: =Calc!I11 -> 65.38 | J11: =Calc!J11 -> 100 | K11: =Calc!K11 -> 0 | L11: =Calc!L11 -> 76.15 | M11: =Calc!M11 -> 63.31 | N11: =Calc!N11 -> 75 | O11: =Calc!O11 -> 0 | ... T11: =Calc!T11 -> 64.91 | U11: =AVERAGE(H11:T11) -> 57.309231 | V11: =RANK(U11,$U$2:$U$113,0)+(COUNTIF($U$2:$U$113,U11)-1)/2 -> 49 | W11: =Coverage!P11 -> 11 | X11: =Coverage!Q11 -> 0.84615385 | Y11: =Coverage!R11 -> 67.729091 | Z11: Repository marked assessable in register | AA11: m8_issue_response below minimum eligible sample (n=5); scored 0; m10_issue_close90 below minimum eligible sample (n=5); scored 0
A12: C4-011 | B12: AtoM | C12: software | D12: Ready | E12: artefactual/atom | F12: complete | G12: complete | H12: =Calc!H12 -> 68.17 | I12: =Calc!I12 -> 61.54 | J12: =Calc!J12 -> 100 | K12: =Calc!K12 -> 100 | L12: =Calc!L12 -> 71.7 | M12: =Calc!M12 -> 76.03 | N12: =Calc!N12 -> 100 | O12: =Calc!O12 -> 50.53 | ... T12: =Calc!T12 -> 62.63 | U12: =AVERAGE(H12:T12) -> 69.098462 | V12: =RANK(U12,$U$2:$U$113,0)+(COUNTIF($U$2:$U$113,U12)-1)/2 -> 27 | W12: =Coverage!P12 -> 13 | X12: =Coverage!Q12 -> 1 | Y12: =Coverage!R12 -> 69.098462 | Z12: Repository marked assessable in register | AA12: No missing metric inputs flagged by pipeline availability checks
A13: C4-012 | B13: Avalon Media System | C13: software | D13: Ready | E13: avalonmediasystem/avalon | F13: complete | G13: complete | H13: =Calc!H13 -> 82.27 | I13: =Calc!I13 -> 76.92 | J13: =Calc!J13 -> 100 | K13: =Calc!K13 -> 75 | L13: =Calc!L13 -> 60 | M13: =Calc!M13 -> 59.55 | N13: =Calc!N13 -> 75 | O13: =Calc!O13 -> 42.74 | ... T13: =Calc!T13 -> 0 | U13: =AVERAGE(H13:T13) -> 63.426923 | V13: =RANK(U13,$U$2:$U$113,0)+(COUNTIF($U$2:$U$113,U13)-1)/2 -> 36 | W13: =Coverage!P13 -> 13 | X13: =Coverage!Q13 -> 1 | Y13: =Coverage!R13 -> 63.426923 | Z13: Repository marked assessable in register | AA13: No missing metric inputs flagged by pipeline availability checks
A14: C4-013 | B14: Biodiversity Heritage Library | C14: software | D14: Ready | E14: gbhl/bhl-us | F14: complete | G14: complete | H14: =Calc!H14 -> 69.65 | I14: =Calc!I14 -> 88.46 | J14: =Calc!J14 -> 100 | K14: =Calc!K14 -> 0 | L14: =Calc!L14 -> 20 | M14: =Calc!M14 -> 16.86 | N14: =Calc!N14 -> 25 | O14: =Calc!O14 -> 0 | ... T14: =Calc!T14 -> 0 | U14: =AVERAGE(H14:T14) -> 26.405385 | V14: =RANK(U14,$U$2:$U$113,0)+(COUNTIF($U$2:$U$113,U14)-1)/2 -> 79 | W14: =Coverage!P14 -> 9 | X14: =Coverage!Q14 -> 0.69230769 | Y14: =Coverage!R14 -> 38.141111 | Z14: Repository marked assessable in register | AA14: m8_issue_response unavailable; scored 0; m9_pr_response below minimum eligible sample (n=0); scored 0; m10_issue_close90 unavailable; scored 0; m11_pr_decision30 below minimum eligible sample (n=0); scored 0
A15: C4-014 | B15: bioRxiv | C15: not-assessable | D15: Not assessable | H15: =Calc!H15 -> 0 | I15: =Calc!I15 -> 0 | J15: =Calc!J15 -> 0 | K15: =Calc!K15 -> 0 | L15: =Calc!L15 -> 0 | M15: =Calc!M15 -> 0 | N15: =Calc!N15 -> 0 | O15: =Calc!O15 -> 0 | ... T15: =Calc!T15 -> 0 | U15: =AVERAGE(H15:T15) -> 0 | V15: =RANK(U15,$U$2:$U$113,0)+(COUNTIF($U$2:$U$113,U15)-1)/2 -> 106 | W15: =Coverage!P15 -> 0 | X15: =Coverage!Q15 -> 0 | Y15: =Coverage!R15 -> 0 | Z15: NOT ASSESSABLE / EXCLUDED: numeric zero is a policy zero-fill, not measured inactivity | AA15: Repository register marks entry not assessable/excluded; zero-filled score is not evidence of inactivity; Git extraction incomplete or unavailable; GitHub/API extraction incomplete or no GitHub source; m8_issue_response unavailable; scored 0; m9_pr_response unavailable; scored 0; m10_issue_close90 unavailable; scored 0; m11_pr_decision30 unavailable; scored 0; GitHub adoption fields unavailable where no supported GitHub source exists; scored 0
A16: C4-015 | B16: BitCurator Environment | C16: software | D16: Ready | E16: bitcurator/bitcurator-salt | F16: complete | G16: complete | H16: =Calc!H16 -> 10.03 | I16: =Calc!I16 -> 1.92 | J16: =Calc!J16 -> 18.55 | K16: =Calc!K16 -> 0 | L16: =Calc!L16 -> 0 | M16: =Calc!M16 -> 0 | N16: =Calc!N16 -> 0 | O16: =Calc!O16 -> 0 | ... T16: =Calc!T16 -> 0 | U16: =AVERAGE(H16:T16) -> 2.3461538 | V16: =RANK(U16,$U$2:$U$113,0)+(COUNTIF($U$2:$U$113,U16)-1)/2 -> 98 | W16: =Coverage!P16 -> 9 | X16: =Coverage!Q16 -> 0.69230769 | Y16: =Coverage!R16 -> 3.3888889 | Z16: Repository marked assessable in register | AA16: m8_issue_response unavailable; scored 0; m9_pr_response below minimum eligible sample (n=1); scored 0; m10_issue_close90 unavailable; scored 0; m11_pr_decision30 below minimum eligible sample (n=1); scored 0
A17: C4-016 | B17: Blacklight | C17: software | D17: Org URL -> primary repo | E17: projectblacklight/blacklight | F17: complete | G17: complete | H17: =Calc!H17 -> 68.93 | I17: =Calc!I17 -> 57.69 | J17: =Calc!J17 -> 100 | K17: =Calc!K17 -> 100 | L17: =Calc!L17 -> 71.7 | M17: =Calc!M17 -> 64.07 | N17: =Calc!N17 -> 75 | O17: =Calc!O17 -> 58.33 | ... T17: =Calc!T17 -> 34.87 | U17: =AVERAGE(H17:T17) -> 65.488462 | V17: =RANK(U17,$U$2:$U$113,0)+(COUNTIF($U$2:$U$113,U17)-1)/2 -> 32 | W17: =Coverage!P17 -> 13 | X17: =Coverage!Q17 -> 1 | Y17: =Coverage!R17 -> 65.488462 | Z17: Repository marked assessable in register | AA17: No missing metric inputs flagged by pipeline availability checks
A18: C4-017 | B18: BrCRIS | C18: software | D18: Resolved URL | E18: brcris-ibict/brcris-interface-busca | F18: complete | H18: =Calc!H18 -> 78.07 | I18: =Calc!I18 -> 90.38 | J18: =Calc!J18 -> 100 | K18: =Calc!K18 -> 75 | L18: =Calc!L18 -> 40 | M18: =Calc!M18 -> 29.06 | N18: =Calc!N18 -> 50 | O18: =Calc!O18 -> 0 | ... T18: =Calc!T18 -> 0 | U18: =AVERAGE(H18:T18) -> 35.577692 | V18: =RANK(U18,$U$2:$U$113,0)+(COUNTIF($U$2:$U$113,U18)-1)/2 -> 76 | W18: =Coverage!P18 -> 7 | X18: =Coverage!Q18 -> 0.53846154 | Y18: =Coverage!R18 -> 66.072857 | Z18: Repository marked assessable in register | AA18: GitHub/API extraction incomplete or no GitHub source; m8_issue_response unavailable; scored 0; m9_pr_response unavailable; scored 0; m10_issue_close90 unavailable; scored 0; m11_pr_decision30 unavailable; scored 0; GitHub adoption fields unavailable where no supported GitHub source exists; scored 0
A19: C4-018 | B19: Browsertrix | C19: software | D19: Ready | E19: webrecorder/browsertrix | F19: complete | G19: complete | H19: =Calc!H19 -> 87.67 | I19: =Calc!I19 -> 100 | J19: =Calc!J19 -> 100 | K19: =Calc!K19 -> 100 | L19: =Calc!L19 -> 63.4 | M19: =Calc!M19 -> 64.07 | N19: =Calc!N19 -> 75 | O19: =Calc!O19 -> 45.59 | ... T19: =Calc!T19 -> 65.97 | U19: =AVERAGE(H19:T19) -> 78.180769 | V19: =RANK(U19,$U$2:$U$113,0)+(COUNTIF($U$2:$U$113,U19)-1)/2 -> 12 | W19: =Coverage!P19 -> 13 | X19: =Coverage!Q19 -> 1 | Y19: =Coverage!R19 -> 78.180769 | Z19: Repository marked assessable in register | AA19: No missing metric inputs flagged by pipeline availability checks
A20: C4-019 | B20: CLOCKSS | C20: software | D20: Org URL -> primary repo | E20: lockss/lockss-daemon | F20: complete | G20: complete | H20: =Calc!H20 -> 100 | I20: =Calc!I20 -> 98.08 | J20: =Calc!J20 -> 100 | K20: =Calc!K20 -> 100 | L20: =Calc!L20 -> 63.4 | M20: =Calc!M20 -> 59.27 | N20: =Calc!N20 -> 100 | O20: =Calc!O20 -> 0 | ... T20: =Calc!T20 -> 15.02 | U20: =AVERAGE(H20:T20) -> 50.697692 | V20: =RANK(U20,$U$2:$U$113,0)+(COUNTIF($U$2:$U$113,U20)-1)/2 -> 57 | W20: =Coverage!P20 -> 9 | X20: =Coverage!Q20 -> 0.69230769 | Y20: =Coverage!R20 -> 73.23 | Z20: Repository marked assessable in register | AA20: m8_issue_response below minimum eligible sample (n=0); scored 0; m9_pr_response below minimum eligible sample (n=1); scored 0; m10_issue_close90 below minimum eligible sample (n=0); scored 0; m11_pr_decision30 below minimum eligible sample (n=1); scored 0
A21: C4-020 | B21: COAR International Repository Directory (IRD) | C21: software | D21: Ready | E21: antleaf/IRD | F21: complete | G21: complete | H21: =Calc!H21 -> 59.97 | I21: =Calc!I21 -> 46.15 | J21: =Calc!J21 -> 100 | K21: =Calc!K21 -> 100 | L21: =Calc!L21 -> 31.7 | M21: =Calc!M21 -> 19.82 | N21: =Calc!N21 -> 25 | O21: =Calc!O21 -> 50 | ... T21: =Calc!T21 -> 15.02 | U21: =AVERAGE(H21:T21) -> 40.102308 | V21: =RANK(U21,$U$2:$U$113,0)+(COUNTIF($U$2:$U$113,U21)-1)/2 -> 68 | W21: =Coverage!P21 -> 11 | X21: =Coverage!Q21 -> 0.84615385 | Y21: =Coverage!R21 -> 47.393636 | Z21: Repository marked assessable in register | AA21: m9_pr_response below minimum eligible sample (n=6); scored 0; m11_pr_decision30 below minimum eligible sample (n=6); scored 0
A22: C4-021 | B22: COAR Notify | C22: software | D22: Ready | E22: coar-notify/coar-notify.net | F22: complete | G22: complete | H22: =Calc!H22 -> 33.33 | I22: =Calc!I22 -> 7.69 | J22: =Calc!J22 -> 77.73 | K22: =Calc!K22 -> 0 | L22: =Calc!L22 -> 31.7 | M22: =Calc!M22 -> 22.3 | N22: =Calc!N22 -> 25 | O22: =Calc!O22 -> 0 | ... T22: =Calc!T22 -> 23.8 | U22: =AVERAGE(H22:T22) -> 17.813846 | V22: =RANK(U22,$U$2:$U$113,0)+(COUNTIF($U$2:$U$113,U22)-1)/2 -> 91 | W22: =Coverage!P22 -> 9 | X22: =Coverage!Q22 -> 0.69230769 | Y22: =Coverage!R22 -> 25.731111 | Z22: Repository marked assessable in register | AA22: m8_issue_response below minimum eligible sample (n=3); scored 0; m9_pr_response below minimum eligible sample (n=3); scored 0; m10_issue_close90 below minimum eligible sample (n=3); scored 0; m11_pr_decision30 below minimum eligible sample (n=3); scored 0
A23: C4-022 | B23: CollectiveAccess | C23: software | D23: Org URL -> primary repo | E23: collectiveaccess/providence | F23: complete | G23: complete | H23: =Calc!H23 -> 97.46 | I23: =Calc!I23 -> 100 | J23: =Calc!J23 -> 100 | K23: =Calc!K23 -> 75 | L23: =Calc!L23 -> 71.7 | M23: =Calc!M23 -> 50.53 | N23: =Calc!N23 -> 100 | O23: =Calc!O23 -> 59.35 | ... T23: =Calc!T23 -> 58.68 | U23: =AVERAGE(H23:T23) -> 75.153846 | V23: =RANK(U23,$U$2:$U$113,0)+(COUNTIF($U$2:$U$113,U23)-1)/2 -> 18 | W23: =Coverage!P23 -> 13 | X23: =Coverage!Q23 -> 1 | Y23: =Coverage!R23 -> 75.153846 | Z23: Repository marked assessable in register | AA23: No missing metric inputs flagged by pipeline availability checks
A24: C4-023 | B24: CORE | C24: software | D24: Resolved URL | E24: oacore/dashboard | F24: complete | H24: =Calc!H24 -> 77.94 | I24: =Calc!I24 -> 75 | J24: =Calc!J24 -> 100 | K24: =Calc!K24 -> 0 | L24: =Calc!L24 -> 71.7 | M24: =Calc!M24 -> 67.5 | N24: =Calc!N24 -> 100 | O24: =Calc!O24 -> 0 | ... T24: =Calc!T24 -> 0 | U24: =AVERAGE(H24:T24) -> 37.856923 | V24: =RANK(U24,$U$2:$U$113,0)+(COUNTIF($U$2:$U$113,U24)-1)/2 -> 74 | W24: =Coverage!P24 -> 7 | X24: =Coverage!Q24 -> 0.53846154 | Y24: =Coverage!R24 -> 70.305714 | Z24: Repository marked assessable in register | AA24: GitHub/API extraction incomplete or no GitHub source; m8_issue_response unavailable; scored 0; m9_pr_response unavailable; scored 0; m10_issue_close90 unavailable; scored 0; m11_pr_decision30 unavailable; scored 0; GitHub adoption fields unavailable where no supported GitHub source exists; scored 0
A25: C4-024 | B25: COUNTER Code of Practice | C25: standard | D25: Resolved URL -> scoreable standard repo | E25: Project-Counter/cop5 | F25: complete | H25: =Calc!H25 -> 53.03 | I25: =Calc!I25 -> 19.23 | J25: =Calc!J25 -> 92.36 | K25: =Calc!K25 -> 0 | L25: =Calc!L25 -> 46.44 | M25: =Calc!M25 -> 58.99 | N25: =Calc!N25 -> 25 | O25: =Calc!O25 -> 0 | ... T25: =Calc!T25 -> 0 | U25: =AVERAGE(H25:T25) -> 22.696154 | V25: =RANK(U25,$U$2:$U$113,0)+(COUNTIF($U$2:$U$113,U25)-1)/2 -> 85 | W25: =Coverage!P25 -> 7 | X25: =Coverage!Q25 -> 0.53846154 | Y25: =Coverage!R25 -> 42.15 | Z25: Repository marked assessable in register | AA25: GitHub/API extraction incomplete or no GitHub source; m8_issue_response unavailable; scored 0; m9_pr_response unavailable; scored 0; m10_issue_close90 unavailable; scored 0; m11_pr_decision30 unavailable; scored 0; GitHub adoption fields unavailable where no supported GitHub source exists; scored 0
A26: C4-025 | B26: Creative Commons Licenses | C26: software | D26: Org URL -> primary repo | E26: creativecommons/cc-legal-tools-app | F26: complete | G26: complete | H26: =Calc!H26 -> 62.68 | I26: =Calc!I26 -> 30.77 | J26: =Calc!J26 -> 100 | K26: =Calc!K26 -> 0 | L26: =Calc!L26 -> 46.44 | M26: =Calc!M26 -> 32.61 | N26: =Calc!N26 -> 25 | O26: =Calc!O26 -> 63.64 | ... T26: =Calc!T26 -> 95.48 | U26: =AVERAGE(H26:T26) -> 57.923077 | V26: =RANK(U26,$U$2:$U$113,0)+(COUNTIF($U$2:$U$113,U26)-1)/2 -> 48 | W26: =Coverage!P26 -> 13 | X26: =Coverage!Q26 -> 1 | Y26: =Coverage!R26 -> 57.923077 | Z26: Repository marked assessable in register | AA26: No missing metric inputs flagged by pipeline availability checks
A27: C4-026 | B27: Crossref Metadata Retrieval | C27: software | D27: Non-GitHub (verify repo) | E27: https://gitlab.com/crossref/rest_api | F27: complete | G27: no GitHub source | H27: =Calc!H27 -> 55.1 | I27: =Calc!I27 -> 46.15 | J27: =Calc!J27 -> 100 | K27: =Calc!K27 -> 100 | L27: =Calc!L27 -> 51.7 | M27: =Calc!M27 -> 50.53 | N27: =Calc!N27 -> 75 | O27: =Calc!O27 -> 0 | ... T27: =Calc!T27 -> 0 | U27: =AVERAGE(H27:T27) -> 36.806154 | V27: =RANK(U27,$U$2:$U$113,0)+(COUNTIF($U$2:$U$113,U27)-1)/2 -> 75 | W27: =Coverage!P27 -> 7 | X27: =Coverage!Q27 -> 0.53846154 | Y27: =Coverage!R27 -> 68.354286 | Z27: Repository marked assessable in register | AA27: GitHub/API extraction incomplete or no GitHub source; m8_issue_response unavailable; scored 0; m9_pr_response unavailable; scored 0; m10_issue_close90 unavailable; scored 0; m11_pr_decision30 unavailable; scored 0; GitHub adoption fields unavailable where no supported GitHub source exists; scored 0
A28: C4-027 | B28: D4Science Infrastructure | C28: needs-decision | D28: Non-GitHub: choose repo | H28: =Calc!H28 -> 0 | I28: =Calc!I28 -> 0 | J28: =Calc!J28 -> 0 | K28: =Calc!K28 -> 0 | L28: =Calc!L28 -> 0 | M28: =Calc!M28 -> 0 | N28: =Calc!N28 -> 0 | O28: =Calc!O28 -> 0 | ... T28: =Calc!T28 -> 0 | U28: =AVERAGE(H28:T28) -> 0 | V28: =RANK(U28,$U$2:$U$113,0)+(COUNTIF($U$2:$U$113,U28)-1)/2 -> 106 | W28: =Coverage!P28 -> 0 | X28: =Coverage!Q28 -> 0 | Y28: =Coverage!R28 -> 0 | Z28: NOT ASSESSABLE / EXCLUDED: numeric zero is a policy zero-fill, not measured inactivity | AA28: Repository register marks entry not assessable/excluded; zero-filled score is not evidence of inactivity; Git extraction incomplete or unavailable; GitHub/API extraction incomplete or no GitHub source; m8_issue_response unavailable; scored 0; m9_pr_response unavailable; scored 0; m10_issue_close90 unavailable; scored 0; m11_pr_decision30 unavailable; scored 0; GitHub adoption fields unavailable where no supported GitHub source exists; scored 0
A29: C4-028 | B29: DART (Digital Archivist's Resource Tool) | C29: software | D29: Ready | E29: aptrust/dart | F29: complete | G29: complete | H29: =Calc!H29 -> 76.54 | I29: =Calc!I29 -> 44.23 | J29: =Calc!J29 -> 100 | K29: =Calc!K29 -> 100 | L29: =Calc!L29 -> 31.7 | M29: =Calc!M29 -> 37.48 | N29: =Calc!N29 -> 25 | O29: =Calc!O29 -> 100 | ... T29: =Calc!T29 -> 0 | U29: =AVERAGE(H29:T29) -> 42.708462 | V29: =RANK(U29,$U$2:$U$113,0)+(COUNTIF($U$2:$U$113,U29)-1)/2 -> 66 | W29: =Coverage!P29 -> 11 | X29: =Coverage!Q29 -> 0.84615385 | Y29: =Coverage!R29 -> 50.473636 | Z29: Repository marked assessable in register | AA29: m9_pr_response below minimum eligible sample (n=6); scored 0; m11_pr_decision30 below minimum eligible sample (n=5); scored 0
A30: C4-029 | B30: Database Information System | C30: software | D30: Keep (dormant/new) | E30: ub-regensburg/dbis | F30: complete | G30: complete | H30: =Calc!H30 -> 0 | I30: =Calc!I30 -> 0 | J30: =Calc!J30 -> 0 | K30: =Calc!K30 -> 0 | L30: =Calc!L30 -> 0 | M30: =Calc!M30 -> 0 | N30: =Calc!N30 -> 0 | O30: =Calc!O30 -> 0 | ... T30: =Calc!T30 -> 0 | U30: =AVERAGE(H30:T30) -> 0 | V30: =RANK(U30,$U$2:$U$113,0)+(COUNTIF($U$2:$U$113,U30)-1)/2 -> 106 | W30: =Coverage!P30 -> 9 | X30: =Coverage!Q30 -> 0.69230769 | Y30: =Coverage!R30 -> 0 | Z30: Repository marked assessable in register | AA30: m8_issue_response below minimum eligible sample (n=0); scored 0; m9_pr_response below minimum eligible sample (n=0); scored 0; m10_issue_close90 below minimum eligible sample (n=0); scored 0; m11_pr_decision30 below minimum eligible sample (n=0); scored 0
A31: C4-030 | B31: Data Citation Corpus | C31: software | D31: Keep | E31: Make-Data-Count-Community/corpus-data-file | F31: complete | G31: complete | H31: =Calc!H31 -> 10.03 | I31: =Calc!I31 -> 1.92 | J31: =Calc!J31 -> 80.72 | K31: =Calc!K31 -> 0 | L31: =Calc!L31 -> 0 | M31: =Calc!M31 -> 0 | N31: =Calc!N31 -> 0 | O31: =Calc!O31 -> 0 | ... T31: =Calc!T31 -> 0 | U31: =AVERAGE(H31:T31) -> 7.9 | V31: =RANK(U31,$U$2:$U$113,0)+(COUNTIF($U$2:$U$113,U31)-1)/2 -> 95 | W31: =Coverage!P31 -> 9 | X31: =Coverage!Q31 -> 0.69230769 | Y31: =Coverage!R31 -> 11.411111 | Z31: Repository marked assessable in register | AA31: m8_issue_response below minimum eligible sample (n=0); scored 0; m9_pr_response below minimum eligible sample (n=0); scored 0; m10_issue_close90 below minimum eligible sample (n=0); scored 0; m11_pr_decision30 below minimum eligible sample (n=0); scored 0
A32: C4-031 | B32: DataCite | C32: software | D32: Org URL -> primary repo | E32: datacite/lupo | F32: complete | G32: complete | H32: =Calc!H32 -> 97.95 | I32: =Calc!I32 -> 96.15 | J32: =Calc!J32 -> 100 | K32: =Calc!K32 -> 100 | L32: =Calc!L32 -> 69.19 | M32: =Calc!M32 -> 67.26 | N32: =Calc!N32 -> 100 | O32: =Calc!O32 -> 40 | ... T32: =Calc!T32 -> 0 | U32: =AVERAGE(H32:T32) -> 70.750769 | V32: =RANK(U32,$U$2:$U$113,0)+(COUNTIF($U$2:$U$113,U32)-1)/2 -> 24 | W32: =Coverage!P32 -> 13 | X32: =Coverage!Q32 -> 1 | Y32: =Coverage!R32 -> 70.750769 | Z32: Repository marked assessable in register | AA32: No missing metric inputs flagged by pipeline availability checks
A33: C4-032 | B33: Data Stewardship Wizard | C33: software | D33: Org URL -> product set | E33: ds-wizard/engine-backend;ds-wizard/engine-frontend | F33: complete | G33: complete | H33: =Calc!H33 -> 85.94 | I33: =Calc!I33 -> 94.23 | J33: =Calc!J33 -> 100 | K33: =Calc!K33 -> 100 | L33: =Calc!L33 -> 40 | M33: =Calc!M33 -> 31.62 | N33: =Calc!N33 -> 75 | O33: =Calc!O33 -> 60 | ... T33: =Calc!T33 -> 42.16 | U33: =AVERAGE(H33:T33) -> 58.443846 | V33: =RANK(U33,$U$2:$U$113,0)+(COUNTIF($U$2:$U$113,U33)-1)/2 -> 46 | W33: =Coverage!P33 -> 12 | X33: =Coverage!Q33 -> 0.92307692 | Y33: =Coverage!R33 -> 63.314167 | Z33: Repository marked assessable in register | AA33: m10_issue_close90 below minimum eligible sample (n=8); scored 0
A34: C4-033 | B34: Dataverse | C34: software | D34: Ready | E34: IQSS/dataverse | F34: complete | G34: complete | H34: =Calc!H34 -> 100 | I34: =Calc!I34 -> 98.08 | J34: =Calc!J34 -> 100 | K34: =Calc!K34 -> 100 | L34: =Calc!L34 -> 100 | M34: =Calc!M34 -> 93.78 | N34: =Calc!N34 -> 100 | O34: =Calc!O34 -> 55.95 | ... T34: =Calc!T34 -> 84.33 | U34: =AVERAGE(H34:T34) -> 83.001538 | V34: =RANK(U34,$U$2:$U$113,0)+(COUNTIF($U$2:$U$113,U34)-1)/2 -> 5 | W34: =Coverage!P34 -> 13 | X34: =Coverage!Q34 -> 1 | Y34: =Coverage!R34 -> 83.001538 | Z34: Repository marked assessable in register | AA34: No missing metric inputs flagged by pipeline availability checks
A35: C4-034 | B35: DLCM Backend | C35: software | D35: Non-GitHub | E35: https://gitlab.unige.ch/dlcm/community/dlcm-backend | F35: complete | G35: no GitHub source | H35: =Calc!H35 -> 68.43 | I35: =Calc!I35 -> 71.15 | J35: =Calc!J35 -> 100 | K35: =Calc!K35 -> 100 | L35: =Calc!L35 -> 66.44 | M35: =Calc!M35 -> 85.44 | N35: =Calc!N35 -> 100 | O35: =Calc!O35 -> 0 | ... T35: =Calc!T35 -> 0 | U35: =AVERAGE(H35:T35) -> 45.496923 | V35: =RANK(U35,$U$2:$U$113,0)+(COUNTIF($U$2:$U$113,U35)-1)/2 -> 62 | W35: =Coverage!P35 -> 7 | X35: =Coverage!Q35 -> 0.53846154 | Y35: =Coverage!R35 -> 84.494286 | Z35: Repository marked assessable in register | AA35: GitHub/API extraction incomplete or no GitHub source; m8_issue_response unavailable; scored 0; m9_pr_response unavailable; scored 0; m10_issue_close90 unavailable; scored 0; m11_pr_decision30 unavailable; scored 0; GitHub adoption fields unavailable where no supported GitHub source exists; scored 0
A36: C4-035 | B36: DLCM Portal | C36: software | D36: Non-GitHub | E36: https://gitlab.unige.ch/dlcm/ui/dlcm-portal | F36: complete | G36: no GitHub source | H36: =Calc!H36 -> 74.67 | I36: =Calc!I36 -> 63.46 | J36: =Calc!J36 -> 100 | K36: =Calc!K36 -> 100 | L36: =Calc!L36 -> 56.15 | M36: =Calc!M36 -> 31.87 | N36: =Calc!N36 -> 75 | O36: =Calc!O36 -> 0 | ... T36: =Calc!T36 -> 0 | U36: =AVERAGE(H36:T36) -> 38.55 | V36: =RANK(U36,$U$2:$U$113,0)+(COUNTIF($U$2:$U$113,U36)-1)/2 -> 72 | W36: =Coverage!P36 -> 7 | X36: =Coverage!Q36 -> 0.53846154 | Y36: =Coverage!R36 -> 71.592857 | Z36: Repository marked assessable in register | AA36: GitHub/API extraction incomplete or no GitHub source; m8_issue_response unavailable; scored 0; m9_pr_response unavailable; scored 0; m10_issue_close90 unavailable; scored 0; m11_pr_decision30 unavailable; scored 0; GitHub adoption fields unavailable where no supported GitHub source exists; scored 0
A37: C4-036 | B37: DMP Tool | C37: software | D37: Replace URL (verify) | E37: CDLUC3/dmsp_frontend_prototype;CDLUC3/dmsp_backend_prototype | F37: complete | G37: complete | H37: =Calc!H37 -> 100 | I37: =Calc!I37 -> 94.23 | J37: =Calc!J37 -> 100 | K37: =Calc!K37 -> 50 | L37: =Calc!L37 -> 63.4 | M37: =Calc!M37 -> 41.29 | N37: =Calc!N37 -> 75 | O37: =Calc!O37 -> 38.36 | ... T37: =Calc!T37 -> 15.02 | U37: =AVERAGE(H37:T37) -> 63.221538 | V37: =RANK(U37,$U$2:$U$113,0)+(COUNTIF($U$2:$U$113,U37)-1)/2 -> 37 | W37: =Coverage!P37 -> 13 | X37: =Coverage!Q37 -> 1 | Y37: =Coverage!R37 -> 63.221538 | Z37: Repository marked assessable in register | AA37: No missing metric inputs flagged by pipeline availability checks
A38: C4-037 | B38: DOAJ (Directory of Open Access Journals) | C38: software | D38: Org URL -> primary repo | E38: DOAJ/doaj | F38: complete | G38: complete | H38: =Calc!H38 -> 95.61 | I38: =Calc!I38 -> 98.08 | J38: =Calc!J38 -> 100 | K38: =Calc!K38 -> 100 | L38: =Calc!L38 -> 80 | M38: =Calc!M38 -> 100 | N38: =Calc!N38 -> 100 | O38: =Calc!O38 -> 0 | ... T38: =Calc!T38 -> 15.02 | U38: =AVERAGE(H38:T38) -> 62.024615 | V38: =RANK(U38,$U$2:$U$113,0)+(COUNTIF($U$2:$U$113,U38)-1)/2 -> 39 | W38: =Coverage!P38 -> 11 | X38: =Coverage!Q38 -> 0.84615385 | Y38: =Coverage!R38 -> 73.301818 | Z38: Repository marked assessable in register | AA38: m8_issue_response below minimum eligible sample (n=8); scored 0; m10_issue_close90 below minimum eligible sample (n=8); scored 0
A39: C4-038 | B39: dokieli | C39: software | D39: Ready | E39: linkeddata/dokieli | F39: complete | G39: complete | H39: =Calc!H39 -> 98.73 | I39: =Calc!I39 -> 86.54 | J39: =Calc!J39 -> 100 | K39: =Calc!K39 -> 0 | L39: =Calc!L39 -> 31.7 | M39: =Calc!M39 -> 31.37 | N39: =Calc!N39 -> 50 | O39: =Calc!O39 -> 11.76 | ... T39: =Calc!T39 -> 53.84 | U39: =AVERAGE(H39:T39) -> 52.619231 | V39: =RANK(U39,$U$2:$U$113,0)+(COUNTIF($U$2:$U$113,U39)-1)/2 -> 56 | W39: =Coverage!P39 -> 13 | X39: =Coverage!Q39 -> 1 | Y39: =Coverage!R39 -> 52.619231 | Z39: Repository marked assessable in register | AA39: No missing metric inputs flagged by pipeline availability checks
A40: C4-039 | B40: Dryad | C40: software | D40: Replace URL | E40: datadryad/dryad-app | F40: complete | G40: complete | H40: =Calc!H40 -> 100 | I40: =Calc!I40 -> 98.08 | J40: =Calc!J40 -> 100 | K40: =Calc!K40 -> 100 | L40: =Calc!L40 -> 31.7 | M40: =Calc!M40 -> 30.36 | N40: =Calc!N40 -> 75 | O40: =Calc!O40 -> 0 | ... T40: =Calc!T40 -> 15.02 | U40: =AVERAGE(H40:T40) -> 56.502308 | V40: =RANK(U40,$U$2:$U$113,0)+(COUNTIF($U$2:$U$113,U40)-1)/2 -> 52 | W40: =Coverage!P40 -> 11 | X40: =Coverage!Q40 -> 0.84615385 | Y40: =Coverage!R40 -> 66.775455 | Z40: Repository marked assessable in register | AA40: m8_issue_response below minimum eligible sample (n=0); scored 0; m10_issue_close90 below minimum eligible sample (n=0); scored 0
... A45: C4-044 | B45: Érudit | C45: software | D45: Replace URL (GitLab) | E45: https://gitlab.erudit.org/erudit/portail/eruditorg | F45: failed: Command '['git', '-C', 'clones\\gitlab.erudit.org_erudit_portail_eruditorg.git', 'symbolic-ref', 'HEAD']' returned non-z | G45: no GitHub source | H45: =Calc!H45 -> 0 | I45: =Calc!I45 -> 0 | J45: =Calc!J45 -> 0 | K45: =Calc!K45 -> 0 | L45: =Calc!L45 -> 0 | M45: =Calc!M45 -> 0 | N45: =Calc!N45 -> 0 | O45: =Calc!O45 -> 0 | ... T45: =Calc!T45 -> 0 | U45: =AVERAGE(H45:T45) -> 0 | V45: =RANK(U45,$U$2:$U$113,0)+(COUNTIF($U$2:$U$113,U45)-1)/2 -> 106 | W45: =Coverage!P45 -> 0 | X45: =Coverage!Q45 -> 0 | Y45: =Coverage!R45 -> 0 | Z45: Repository marked assessable in register | AA45: Git extraction incomplete or unavailable; GitHub/API extraction incomplete or no GitHub source; m8_issue_response unavailable; scored 0; m9_pr_response unavailable; scored 0; m10_issue_close90 unavailable; scored 0; m11_pr_decision30 unavailable; scored 0; GitHub adoption fields unavailable where no supported GitHub source exists; scored 0
A46: C4-045 | B46: Europe PMC | C46: not-assessable | D46: Not assessable (verify) | H46: =Calc!H46 -> 0 | I46: =Calc!I46 -> 0 | J46: =Calc!J46 -> 0 | K46: =Calc!K46 -> 0 | L46: =Calc!L46 -> 0 | M46: =Calc!M46 -> 0 | N46: =Calc!N46 -> 0 | O46: =Calc!O46 -> 0 | ... T46: =Calc!T46 -> 0 | U46: =AVERAGE(H46:T46) -> 0 | V46: =RANK(U46,$U$2:$U$113,0)+(COUNTIF($U$2:$U$113,U46)-1)/2 -> 106 | W46: =Coverage!P46 -> 0 | X46: =Coverage!Q46 -> 0 | Y46: =Coverage!R46 -> 0 | Z46: NOT ASSESSABLE / EXCLUDED: numeric zero is a policy zero-fill, not measured inactivity | AA46: Repository register marks entry not assessable/excluded; zero-filled score is not evidence of inactivity; Git extraction incomplete or unavailable; GitHub/API extraction incomplete or no GitHub source; m8_issue_response unavailable; scored 0; m9_pr_response unavailable; scored 0; m10_issue_close90 unavailable; scored 0; m11_pr_decision30 unavailable; scored 0; GitHub adoption fields unavailable where no supported GitHub source exists; scored 0
A47: C4-046 | B47: FAIR Wizard | C47: software | D47: Resolved URL | E47: fair-wizard/fair-wizard-integration-sdk | F47: complete | H47: =Calc!H47 -> 28.17 | I47: =Calc!I47 -> 5.77 | J47: =Calc!J47 -> 73.97 | K47: =Calc!K47 -> 100 | L47: =Calc!L47 -> 0 | M47: =Calc!M47 -> 0 | N47: =Calc!N47 -> 25 | O47: =Calc!O47 -> 0 | ... T47: =Calc!T47 -> 0 | U47: =AVERAGE(H47:T47) -> 17.916154 | V47: =RANK(U47,$U$2:$U$113,0)+(COUNTIF($U$2:$U$113,U47)-1)/2 -> 90 | W47: =Coverage!P47 -> 7 | X47: =Coverage!Q47 -> 0.53846154 | Y47: =Coverage!R47 -> 33.272857 | Z47: Repository marked assessable in register | AA47: GitHub/API extraction incomplete or no GitHub source; m8_issue_response unavailable; scored 0; m9_pr_response unavailable; scored 0; m10_issue_close90 unavailable; scored 0; m11_pr_decision30 unavailable; scored 0; GitHub adoption fields unavailable where no supported GitHub source exists; scored 0
A48: C4-047 | B48: Fedora | C48: software | D48: Ready | E48: fcrepo/fcrepo | F48: complete | G48: complete | H48: =Calc!H48 -> 59.97 | I48: =Calc!I48 -> 53.85 | J48: =Calc!J48 -> 100 | K48: =Calc!K48 -> 100 | L48: =Calc!L48 -> 51.7 | M48: =Calc!M48 -> 38.35 | N48: =Calc!N48 -> 75 | O48: =Calc!O48 -> 0 | ... T48: =Calc!T48 -> 47.61 | U48: =AVERAGE(H48:T48) -> 56.823077 | V48: =RANK(U48,$U$2:$U$113,0)+(COUNTIF($U$2:$U$113,U48)-1)/2 -> 51 | W48: =Coverage!P48 -> 11 | X48: =Coverage!Q48 -> 0.84615385 | Y48: =Coverage!R48 -> 67.154545 | Z48: Repository marked assessable in register | AA48: m8_issue_response below minimum eligible sample (n=8); scored 0; m10_issue_close90 below minimum eligible sample (n=7); scored 0
A49: C4-048 | B49: fido | C49: software | D49: Ready | E49: openpreserve/fido | F49: complete | G49: complete | H49: =Calc!H49 -> 33.33 | I49: =Calc!I49 -> 5.77 | J49: =Calc!J49 -> 100 | K49: =Calc!K49 -> 50 | L49: =Calc!L49 -> 0 | M49: =Calc!M49 -> 0 | N49: =Calc!N49 -> 0 | O49: =Calc!O49 -> 0 | ... T49: =Calc!T49 -> 23.8 | U49: =AVERAGE(H49:T49) -> 18.169231 | V49: =RANK(U49,$U$2:$U$113,0)+(COUNTIF($U$2:$U$113,U49)-1)/2 -> 89 | W49: =Coverage!P49 -> 9 | X49: =Coverage!Q49 -> 0.69230769 | Y49: =Coverage!R49 -> 26.244444 | Z49: Repository marked assessable in register | AA49: m8_issue_response below minimum eligible sample (n=3); scored 0; m9_pr_response below minimum eligible sample (n=4); scored 0; m10_issue_close90 below minimum eligible sample (n=3); scored 0; m11_pr_decision30 below minimum eligible sample (n=0); scored 0
A50: C4-049 | B50: Fulcrum | C50: software | D50: Ready | E50: mlibrary/heliotrope | F50: complete | G50: complete | H50: =Calc!H50 -> 74.08 | I50: =Calc!I50 -> 88.46 | J50: =Calc!J50 -> 100 | K50: =Calc!K50 -> 100 | L50: =Calc!L50 -> 51.7 | M50: =Calc!M50 -> 47.23 | N50: =Calc!N50 -> 75 | O50: =Calc!O50 -> 0 | ... T50: =Calc!T50 -> 15.02 | U50: =AVERAGE(H50:T50) -> 56.261538 | V50: =RANK(U50,$U$2:$U$113,0)+(COUNTIF($U$2:$U$113,U50)-1)/2 -> 53 | W50: =Coverage!P50 -> 11 | X50: =Coverage!Q50 -> 0.84615385 | Y50: =Coverage!R50 -> 66.490909 | Z50: Repository marked assessable in register | AA50: m8_issue_response below minimum eligible sample (n=0); scored 0; m10_issue_close90 below minimum eligible sample (n=0); scored 0
A51: C4-050 | B51: Galaxy | C51: software | D51: Ready | E51: galaxyproject/galaxy | F51: complete | G51: complete | H51: =Calc!H51 -> 100 | I51: =Calc!I51 -> 100 | J51: =Calc!J51 -> 100 | K51: =Calc!K51 -> 100 | L51: =Calc!L51 -> 100 | M51: =Calc!M51 -> 100 | N51: =Calc!N51 -> 100 | O51: =Calc!O51 -> 81.11 | ... T51: =Calc!T51 -> 100 | U51: =AVERAGE(H51:T51) -> 91.083077 | V51: =RANK(U51,$U$2:$U$113,0)+(COUNTIF($U$2:$U$113,U51)-1)/2 -> 2 | W51: =Coverage!P51 -> 13 | X51: =Coverage!Q51 -> 1 | Y51: =Coverage!R51 -> 91.083077 | Z51: Repository marked assessable in register | AA51: No missing metric inputs flagged by pipeline availability checks
A52: C4-051 | B52: GeoServer | C52: software | D52: Ready | E52: geoserver/geoserver | F52: complete | G52: complete | H52: =Calc!H52 -> 100 | I52: =Calc!I52 -> 98.08 | J52: =Calc!J52 -> 100 | K52: =Calc!K52 -> 100 | L52: =Calc!L52 -> 100 | M52: =Calc!M52 -> 100 | N52: =Calc!N52 -> 100 | O52: =Calc!O52 -> 0 | ... T52: =Calc!T52 -> 100 | U52: =AVERAGE(H52:T52) -> 79.586154 | V52: =RANK(U52,$U$2:$U$113,0)+(COUNTIF($U$2:$U$113,U52)-1)/2 -> 10 | W52: =Coverage!P52 -> 11 | X52: =Coverage!Q52 -> 0.84615385 | Y52: =Coverage!R52 -> 94.056364 | Z52: Repository marked assessable in register | AA52: m8_issue_response unavailable; scored 0; m10_issue_close90 unavailable; scored 0
A53: C4-052 | B53: Hyku | C53: software | D53: Ready | E53: samvera/hyku | F53: complete | G53: complete | H53: =Calc!H53 -> 91.44 | I53: =Calc!I53 -> 92.31 | J53: =Calc!J53 -> 100 | K53: =Calc!K53 -> 100 | L53: =Calc!L53 -> 78.14 | M53: =Calc!M53 -> 85.28 | N53: =Calc!N53 -> 100 | O53: =Calc!O53 -> 28.81 | ... T53: =Calc!T53 -> 38.82 | U53: =AVERAGE(H53:T53) -> 73.642308 | V53: =RANK(U53,$U$2:$U$113,0)+(COUNTIF($U$2:$U$113,U53)-1)/2 -> 19 | W53: =Coverage!P53 -> 13 | X53: =Coverage!Q53 -> 1 | Y53: =Coverage!R53 -> 73.642308 | Z53: Repository marked assessable in register | AA53: No missing metric inputs flagged by pipeline availability checks
A54: C4-053 | B54: Hyrax | C54: software | D54: Ready | E54: samvera/hyrax | F54: complete | G54: complete | H54: =Calc!H54 -> 87.5 | I54: =Calc!I54 -> 92.31 | J54: =Calc!J54 -> 100 | K54: =Calc!K54 -> 100 | L54: =Calc!L54 -> 86.44 | M54: =Calc!M54 -> 67.5 | N54: =Calc!N54 -> 100 | O54: =Calc!O54 -> 23.15 | ... T54: =Calc!T54 -> 51.96 | U54: =AVERAGE(H54:T54) -> 71.312308 | V54: =RANK(U54,$U$2:$U$113,0)+(COUNTIF($U$2:$U$113,U54)-1)/2 -> 23 | W54: =Coverage!P54 -> 13 | X54: =Coverage!Q54 -> 1 | Y54: =Coverage!R54 -> 71.312308 | Z54: Repository marked assessable in register | AA54: No missing metric inputs flagged by pipeline availability checks
A55: C4-054 | B55: IIIF | C55: standard | D55: Exclude: standard | H55: =Calc!H55 -> 0 | I55: =Calc!I55 -> 0 | J55: =Calc!J55 -> 0 | K55: =Calc!K55 -> 0 | L55: =Calc!L55 -> 0 | M55: =Calc!M55 -> 0 | N55: =Calc!N55 -> 0 | O55: =Calc!O55 -> 0 | ... T55: =Calc!T55 -> 0 | U55: =AVERAGE(H55:T55) -> 0 | V55: =RANK(U55,$U$2:$U$113,0)+(COUNTIF($U$2:$U$113,U55)-1)/2 -> 106 | W55: =Coverage!P55 -> 0 | X55: =Coverage!Q55 -> 0 | Y55: =Coverage!R55 -> 0 | Z55: NOT ASSESSABLE / EXCLUDED: numeric zero is a policy zero-fill, not measured inactivity | AA55: Repository register marks entry not assessable/excluded; zero-filled score is not evidence of inactivity; Git extraction incomplete or unavailable; GitHub/API extraction incomplete or no GitHub source; m8_issue_response unavailable; scored 0; m9_pr_response unavailable; scored 0; m10_issue_close90 unavailable; scored 0; m11_pr_decision30 unavailable; scored 0; GitHub adoption fields unavailable where no supported GitHub source exists; scored 0
A56: C4-055 | B56: ImpactU | C56: software | D56: Ready | E56: colav/impactu | F56: complete | G56: complete | H56: =Calc!H56 -> 20.07 | I56: =Calc!I56 -> 3.85 | J56: =Calc!J56 -> 25.33 | K56: =Calc!K56 -> 0 | L56: =Calc!L56 -> 0 | M56: =Calc!M56 -> 0 | N56: =Calc!N56 -> 0 | O56: =Calc!O56 -> 35.38 | ... T56: =Calc!T56 -> 15.02 | U56: =AVERAGE(H56:T56) -> 9.7169231 | V56: =RANK(U56,$U$2:$U$113,0)+(COUNTIF($U$2:$U$113,U56)-1)/2 -> 94 | W56: =Coverage!P56 -> 11 | X56: =Coverage!Q56 -> 0.84615385 | Y56: =Coverage!R56 -> 11.483636 | Z56: Repository marked assessable in register | AA56: m9_pr_response below minimum eligible sample (n=1); scored 0; m11_pr_decision30 below minimum eligible sample (n=1); scored 0
A57: C4-056 | B57: International Generic Sample Number (IGSN) | C57: standard | D57: Exclude: standard | H57: =Calc!H57 -> 0 | I57: =Calc!I57 -> 0 | J57: =Calc!J57 -> 0 | K57: =Calc!K57 -> 0 | L57: =Calc!L57 -> 0 | M57: =Calc!M57 -> 0 | N57: =Calc!N57 -> 0 | O57: =Calc!O57 -> 0 | ... T57: =Calc!T57 -> 0 | U57: =AVERAGE(H57:T57) -> 0 | V57: =RANK(U57,$U$2:$U$113,0)+(COUNTIF($U$2:$U$113,U57)-1)/2 -> 106 | W57: =Coverage!P57 -> 0 | X57: =Coverage!Q57 -> 0 | Y57: =Coverage!R57 -> 0 | Z57: NOT ASSESSABLE / EXCLUDED: numeric zero is a policy zero-fill, not measured inactivity | AA57: Repository register marks entry not assessable/excluded; zero-filled score is not evidence of inactivity; Git extraction incomplete or unavailable; GitHub/API extraction incomplete or no GitHub source; m8_issue_response unavailable; scored 0; m9_pr_response unavailable; scored 0; m10_issue_close90 unavailable; scored 0; m11_pr_decision30 unavailable; scored 0; GitHub adoption fields unavailable where no supported GitHub source exists; scored 0
A58: C4-057 | B58: InvenioRDM | C58: software | D58: Ready | E58: inveniosoftware/invenio-app-rdm | F58: complete | G58: complete | H58: =Calc!H58 -> 82.61 | I58: =Calc!I58 -> 96.15 | J58: =Calc!J58 -> 100 | K58: =Calc!K58 -> 100 | L58: =Calc!L58 -> 100 | M58: =Calc!M58 -> 100 | N58: =Calc!N58 -> 100 | O58: =Calc!O58 -> 36.51 | ... T58: =Calc!T58 -> 77.65 | U58: =AVERAGE(H58:T58) -> 79.299231 | V58: =RANK(U58,$U$2:$U$113,0)+(COUNTIF($U$2:$U$113,U58)-1)/2 -> 11 | W58: =Coverage!P58 -> 13 | X58: =Coverage!Q58 -> 1 | Y58: =Coverage!R58 -> 79.299231 | Z58: Repository marked assessable in register | AA58: No missing metric inputs flagged by pipeline availability checks
A59: C4-058 | B59: iRODS | C59: software | D59: Ready | E59: irods/irods | F59: complete | G59: complete | H59: =Calc!H59 -> 81.97 | I59: =Calc!I59 -> 88.46 | J59: =Calc!J59 -> 100 | K59: =Calc!K59 -> 75 | L59: =Calc!L59 -> 69.19 | M59: =Calc!M59 -> 55.63 | N59: =Calc!N59 -> 100 | O59: =Calc!O59 -> 42.35 | ... T59: =Calc!T59 -> 38.82 | U59: =AVERAGE(H59:T59) -> 71.419231 | V59: =RANK(U59,$U$2:$U$113,0)+(COUNTIF($U$2:$U$113,U59)-1)/2 -> 22 | W59: =Coverage!P59 -> 13 | X59: =Coverage!Q59 -> 1 | Y59: =Coverage!R59 -> 71.419231 | Z59: Repository marked assessable in register | AA59: No missing metric inputs flagged by pipeline availability checks
A60: C4-059 | B60: Islandora | C60: software | D60: Ready | E60: Islandora/islandora | F60: complete | G60: complete | H60: =Calc!H60 -> 42.62 | I60: =Calc!I60 -> 23.08 | J60: =Calc!J60 -> 100 | K60: =Calc!K60 -> 100 | L60: =Calc!L60 -> 60 | M60: =Calc!M60 -> 52.02 | N60: =Calc!N60 -> 50 | O60: =Calc!O60 -> 62.5 | ... T60: =Calc!T60 -> 34.87 | U60: =AVERAGE(H60:T60) -> 54.815385 | V60: =RANK(U60,$U$2:$U$113,0)+(COUNTIF($U$2:$U$113,U60)-1)/2 -> 54 | W60: =Coverage!P60 -> 12 | X60: =Coverage!Q60 -> 0.92307692 | Y60: =Coverage!R60 -> 59.383333 | Z60: Repository marked assessable in register | AA60: m10_issue_close90 below minimum eligible sample (n=7); scored 0
A61: C4-060 | B61: Janeway | C61: software | D61: Ready | E61: openlibhums/janeway | F61: complete | G61: complete | H61: =Calc!H61 -> 83.13 | I61: =Calc!I61 -> 80.77 | J61: =Calc!J61 -> 100 | K61: =Calc!K61 -> 100 | L61: =Calc!L61 -> 63.4 | M61: =Calc!M61 -> 60.79 | N61: =Calc!N61 -> 75 | O61: =Calc!O61 -> 32.26 | ... T61: =Calc!T61 -> 64.91 | U61: =AVERAGE(H61:T61) -> 68.748462 | V61: =RANK(U61,$U$2:$U$113,0)+(COUNTIF($U$2:$U$113,U61)-1)/2 -> 29 | W61: =Coverage!P61 -> 13 | X61: =Coverage!Q61 -> 1 | Y61: =Coverage!R61 -> 68.748462 | Z61: Repository marked assessable in register | AA61: No missing metric inputs flagged by pipeline availability checks
A62: C4-061 | B62: JHOVE | C62: software | D62: Ready | E62: openpreserve/jhove | F62: complete | G62: complete | H62: =Calc!H62 -> 28.17 | I62: =Calc!I62 -> 5.77 | J62: =Calc!J62 -> 100 | K62: =Calc!K62 -> 0 | L62: =Calc!L62 -> 31.7 | M62: =Calc!M62 -> 33.33 | N62: =Calc!N62 -> 0 | O62: =Calc!O62 -> 46.67 | ... T62: =Calc!T62 -> 34.87 | U62: =AVERAGE(H62:T62) -> 24.913077 | V62: =RANK(U62,$U$2:$U$113,0)+(COUNTIF($U$2:$U$113,U62)-1)/2 -> 81 | W62: =Coverage!P62 -> 11 | X62: =Coverage!Q62 -> 0.84615385 | Y62: =Coverage!R62 -> 29.442727 | Z62: Repository marked assessable in register | AA62: m9_pr_response below minimum eligible sample (n=8); scored 0; m11_pr_decision30 below minimum eligible sample (n=7); scored 0
A63: C4-062 | B63: LA Referencia | C63: software | D63: Ready | E63: lareferencia/lareferencia-platform | F63: complete | G63: complete | H63: =Calc!H63 -> 76.98 | I63: =Calc!I63 -> 71.15 | J63: =Calc!J63 -> 100 | K63: =Calc!K63 -> 100 | L63: =Calc!L63 -> 46.44 | M63: =Calc!M63 -> 30.87 | N63: =Calc!N63 -> 25 | O63: =Calc!O63 -> 75 | ... T63: =Calc!T63 -> 15.02 | U63: =AVERAGE(H63:T63) -> 47.617692 | V63: =RANK(U63,$U$2:$U$113,0)+(COUNTIF($U$2:$U$113,U63)-1)/2 -> 58 | W63: =Coverage!P63 -> 11 | X63: =Coverage!Q63 -> 0.84615385 | Y63: =Coverage!R63 -> 56.275455 | Z63: Repository marked assessable in register | AA63: m9_pr_response below minimum eligible sample (n=4); scored 0; m11_pr_decision30 below minimum eligible sample (n=4); scored 0
A64: C4-063 | B64: Manifold | C64: software | D64: Ready | E64: ManifoldScholar/manifold | F64: complete | G64: complete | H64: =Calc!H64 -> 85.12 | I64: =Calc!I64 -> 80.77 | J64: =Calc!J64 -> 100 | K64: =Calc!K64 -> 100 | L64: =Calc!L64 -> 56.15 | M64: =Calc!M64 -> 75.73 | N64: =Calc!N64 -> 100 | O64: =Calc!O64 -> 0 | ... T64: =Calc!T64 -> 15.02 | U64: =AVERAGE(H64:T64) -> 61.355385 | V64: =RANK(U64,$U$2:$U$113,0)+(COUNTIF($U$2:$U$113,U64)-1)/2 -> 41 | W64: =Coverage!P64 -> 11 | X64: =Coverage!Q64 -> 0.84615385 | Y64: =Coverage!R64 -> 72.510909 | Z64: Repository marked assessable in register | AA64: m8_issue_response below minimum eligible sample (n=9); scored 0; m10_issue_close90 below minimum eligible sample (n=7); scored 0
A65: C4-064 | B65: medRxiv | C65: not-assessable | D65: Not assessable | H65: =Calc!H65 -> 0 | I65: =Calc!I65 -> 0 | J65: =Calc!J65 -> 0 | K65: =Calc!K65 -> 0 | L65: =Calc!L65 -> 0 | M65: =Calc!M65 -> 0 | N65: =Calc!N65 -> 0 | O65: =Calc!O65 -> 0 | ... T65: =Calc!T65 -> 0 | U65: =AVERAGE(H65:T65) -> 0 | V65: =RANK(U65,$U$2:$U$113,0)+(COUNTIF($U$2:$U$113,U65)-1)/2 -> 106 | W65: =Coverage!P65 -> 0 | X65: =Coverage!Q65 -> 0 | Y65: =Coverage!R65 -> 0 | Z65: NOT ASSESSABLE / EXCLUDED: numeric zero is a policy zero-fill, not measured inactivity | AA65: Repository register marks entry not assessable/excluded; zero-filled score is not evidence of inactivity; Git extraction incomplete or unavailable; GitHub/API extraction incomplete or no GitHub source; m8_issue_response unavailable; scored 0; m9_pr_response unavailable; scored 0; m10_issue_close90 unavailable; scored 0; m11_pr_decision30 unavailable; scored 0; GitHub adoption fields unavailable where no supported GitHub source exists; scored 0
A66: C4-065 | B66: Metadata Encoding and Transmission Standard (METS) | C66: standard | D66: Resolved URL -> scoreable standard repo | E66: mets/METS-schema | F66: complete | H66: =Calc!H66 -> 0 | I66: =Calc!I66 -> 0 | J66: =Calc!J66 -> 0 | K66: =Calc!K66 -> 0 | L66: =Calc!L66 -> 0 | M66: =Calc!M66 -> 0 | N66: =Calc!N66 -> 0 | O66: =Calc!O66 -> 0 | ... T66: =Calc!T66 -> 0 | U66: =AVERAGE(H66:T66) -> 0 | V66: =RANK(U66,$U$2:$U$113,0)+(COUNTIF($U$2:$U$113,U66)-1)/2 -> 106 | W66: =Coverage!P66 -> 7 | X66: =Coverage!Q66 -> 0.53846154 | Y66: =Coverage!R66 -> 0 | Z66: Repository marked assessable in register | AA66: GitHub/API extraction incomplete or no GitHub source; m8_issue_response unavailable; scored 0; m9_pr_response unavailable; scored 0; m10_issue_close90 unavailable; scored 0; m11_pr_decision30 unavailable; scored 0; GitHub adoption fields unavailable where no supported GitHub source exists; scored 0
A67: C4-066 | B67: Mirador | C67: software | D67: Ready | E67: projectmirador/mirador | F67: complete | G67: complete | H67: =Calc!H67 -> 78.39 | I67: =Calc!I67 -> 57.69 | J67: =Calc!J67 -> 100 | K67: =Calc!K67 -> 100 | L67: =Calc!L67 -> 83.4 | M67: =Calc!M67 -> 54.56 | N67: =Calc!N67 -> 50 | O67: =Calc!O67 -> 51.72 | ... T67: =Calc!T67 -> 70.6 | U67: =AVERAGE(H67:T67) -> 66.365385 | V67: =RANK(U67,$U$2:$U$113,0)+(COUNTIF($U$2:$U$113,U67)-1)/2 -> 31 | W67: =Coverage!P67 -> 13 | X67: =Coverage!Q67 -> 1 | Y67: =Coverage!R67 -> 66.365385 | Z67: Repository marked assessable in register | AA67: No missing metric inputs flagged by pipeline availability checks
A68: C4-067 | B68: Mukurtu CMS | C68: software | D68: Ready | E68: MukurtuCMS/mukurtucms | F68: complete | G68: complete | H68: =Calc!H68 -> 23.3 | I68: =Calc!I68 -> 5.77 | J68: =Calc!J68 -> 14.28 | K68: =Calc!K68 -> 0 | L68: =Calc!L68 -> 0 | M68: =Calc!M68 -> 0 | N68: =Calc!N68 -> 0 | O68: =Calc!O68 -> 0 | ... T68: =Calc!T68 -> 23.8 | U68: =AVERAGE(H68:T68) -> 7.6115385 | V68: =RANK(U68,$U$2:$U$113,0)+(COUNTIF($U$2:$U$113,U68)-1)/2 -> 97 | W68: =Coverage!P68 -> 9 | X68: =Coverage!Q68 -> 0.69230769 | Y68: =Coverage!R68 -> 10.994444 | Z68: Repository marked assessable in register | AA68: m8_issue_response below minimum eligible sample (n=1); scored 0; m9_pr_response below minimum eligible sample (n=1); scored 0; m10_issue_close90 below minimum eligible sample (n=0); scored 0; m11_pr_decision30 below minimum eligible sample (n=1); scored 0
A69: C4-068 | B69: MyCoRe | C69: software | D69: Ready | E69: MyCoRe-Org/mycore | F69: complete | G69: complete | H69: =Calc!H69 -> 84.91 | I69: =Calc!I69 -> 94.23 | J69: =Calc!J69 -> 100 | K69: =Calc!K69 -> 100 | L69: =Calc!L69 -> 84.96 | M69: =Calc!M69 -> 86.96 | N69: =Calc!N69 -> 100 | O69: =Calc!O69 -> 0 | ... T69: =Calc!T69 -> 0 | U69: =AVERAGE(H69:T69) -> 64.114615 | V69: =RANK(U69,$U$2:$U$113,0)+(COUNTIF($U$2:$U$113,U69)-1)/2 -> 33 | W69: =Coverage!P69 -> 11 | X69: =Coverage!Q69 -> 0.84615385 | Y69: =Coverage!R69 -> 75.771818 | Z69: Repository marked assessable in register | AA69: m8_issue_response unavailable; scored 0; m10_issue_close90 unavailable; scored 0
A70: C4-069 | B70: NumPy | C70: software | D70: Ready | E70: numpy/numpy | F70: complete | G70: complete | H70: =Calc!H70 -> 100 | I70: =Calc!I70 -> 100 | J70: =Calc!J70 -> 100 | K70: =Calc!K70 -> 100 | L70: =Calc!L70 -> 100 | M70: =Calc!M70 -> 81.98 | N70: =Calc!N70 -> 100 | O70: =Calc!O70 -> 93.47 | ... T70: =Calc!T70 -> 100 | U70: =AVERAGE(H70:T70) -> 93.395385 | V70: =RANK(U70,$U$2:$U$113,0)+(COUNTIF($U$2:$U$113,U70)-1)/2 -> 1 | W70: =Coverage!P70 -> 13 | X70: =Coverage!Q70 -> 1 | Y70: =Coverage!R70 -> 93.395385 | Z70: Repository marked assessable in register | AA70: No missing metric inputs flagged by pipeline availability checks
A71: C4-070 | B71: OA.Report | C71: software | D71: Ready | E71: oaworks/oa-report | F71: complete | G71: complete | H71: =Calc!H71 -> 99.09 | I71: =Calc!I71 -> 90.38 | J71: =Calc!J71 -> 100 | K71: =Calc!K71 -> 0 | L71: =Calc!L71 -> 31.7 | M71: =Calc!M71 -> 3.7 | N71: =Calc!N71 -> 50 | O71: =Calc!O71 -> 0 | ... T71: =Calc!T71 -> 0 | U71: =AVERAGE(H71:T71) -> 39.666923 | V71: =RANK(U71,$U$2:$U$113,0)+(COUNTIF($U$2:$U$113,U71)-1)/2 -> 70 | W71: =Coverage!P71 -> 11 | X71: =Coverage!Q71 -> 0.84615385 | Y71: =Coverage!R71 -> 46.879091 | Z71: Repository marked assessable in register | AA71: m8_issue_response unavailable; scored 0; m10_issue_close90 unavailable; scored 0
A72: C4-071 | B72: OA Switchboard | C72: software | D72: Non-GitHub | E72: https://bitbucket.org/oaswitchboard/api | F72: complete | G72: no GitHub source | H72: =Calc!H72 -> 47.16 | I72: =Calc!I72 -> 32.69 | J72: =Calc!J72 -> 100 | K72: =Calc!K72 -> 0 | L72: =Calc!L72 -> 0 | M72: =Calc!M72 -> 0 | N72: =Calc!N72 -> 25 | O72: =Calc!O72 -> 0 | ... T72: =Calc!T72 -> 0 | U72: =AVERAGE(H72:T72) -> 15.757692 | V72: =RANK(U72,$U$2:$U$113,0)+(COUNTIF($U$2:$U$113,U72)-1)/2 -> 92 | W72: =Coverage!P72 -> 7 | X72: =Coverage!Q72 -> 0.53846154 | Y72: =Coverage!R72 -> 29.264286 | Z72: Repository marked assessable in register | AA72: GitHub/API extraction incomplete or no GitHub source; m8_issue_response unavailable; scored 0; m9_pr_response unavailable; scored 0; m10_issue_close90 unavailable; scored 0; m11_pr_decision30 unavailable; scored 0; GitHub adoption fields unavailable where no supported GitHub source exists; scored 0
A73: C4-072 | B73: Omeka | C73: software | D73: Replace URL (Omeka S) | E73: omeka/omeka-s | F73: complete | G73: complete | H73: =Calc!H73 -> 73.55 | I73: =Calc!I73 -> 75 | J73: =Calc!J73 -> 100 | K73: =Calc!K73 -> 75 | L73: =Calc!L73 -> 46.44 | M73: =Calc!M73 -> 47.23 | N73: =Calc!N73 -> 75 | O73: =Calc!O73 -> 45.26 | ... T73: =Calc!T73 -> 74.41 | U73: =AVERAGE(H73:T73) -> 60.065385 | V73: =RANK(U73,$U$2:$U$113,0)+(COUNTIF($U$2:$U$113,U73)-1)/2 -> 42 | W73: =Coverage!P73 -> 13 | X73: =Coverage!Q73 -> 1 | Y73: =Coverage!R73 -> 60.065385 | Z73: Repository marked assessable in register | AA73: No missing metric inputs flagged by pipeline availability checks
A74: C4-073 | B74: OpenAIRE Graph | C74: software | D74: Non-GitHub | E74: https://code-repo.d4science.org/D-Net/dnet-hadoop | F74: complete | G74: no GitHub source | H74: =Calc!H74 -> 87.57 | I74: =Calc!I74 -> 86.54 | J74: =Calc!J74 -> 100 | K74: =Calc!K74 -> 75 | L74: =Calc!L74 -> 63.4 | M74: =Calc!M74 -> 73.28 | N74: =Calc!N74 -> 100 | O74: =Calc!O74 -> 0 | ... T74: =Calc!T74 -> 0 | U74: =AVERAGE(H74:T74) -> 45.060769 | V74: =RANK(U74,$U$2:$U$113,0)+(COUNTIF($U$2:$U$113,U74)-1)/2 -> 63 | W74: =Coverage!P74 -> 7 | X74: =Coverage!Q74 -> 0.53846154 | Y74: =Coverage!R74 -> 83.684286 | Z74: Repository marked assessable in register | AA74: GitHub/API extraction incomplete or no GitHub source; m8_issue_response unavailable; scored 0; m9_pr_response unavailable; scored 0; m10_issue_close90 unavailable; scored 0; m11_pr_decision30 unavailable; scored 0; GitHub adoption fields unavailable where no supported GitHub source exists; scored 0
A75: C4-074 | B75: OpenAlex | C75: software | D75: Replace URL -> product set | E75: ourresearch/openalex-walden;ourresearch/openalex-elastic-api | F75: complete | G75: complete | H75: =Calc!H75 -> 100 | I75: =Calc!I75 -> 100 | J75: =Calc!J75 -> 100 | K75: =Calc!K75 -> 0 | L75: =Calc!L75 -> 71.7 | M75: =Calc!M75 -> 69.7 | N75: =Calc!N75 -> 100 | O75: =Calc!O75 -> 0 | ... T75: =Calc!T75 -> 62.63 | U75: =AVERAGE(H75:T75) -> 63.102308 | V75: =RANK(U75,$U$2:$U$113,0)+(COUNTIF($U$2:$U$113,U75)-1)/2 -> 38 | W75: =Coverage!P75 -> 11 | X75: =Coverage!Q75 -> 0.84615385 | Y75: =Coverage!R75 -> 74.575455 | Z75: Repository marked assessable in register | AA75: m8_issue_response unavailable; scored 0; m10_issue_close90 unavailable; scored 0
A76: C4-075 | B76: OpenAPC | C76: software | D76: Ready | E76: OpenAPC/openapc-de | F76: complete | G76: complete | H76: =Calc!H76 -> 100 | I76: =Calc!I76 -> 96.15 | J76: =Calc!J76 -> 100 | K76: =Calc!K76 -> 100 | L76: =Calc!L76 -> 69.19 | M76: =Calc!M76 -> 35.45 | N76: =Calc!N76 -> 100 | O76: =Calc!O76 -> 0 | ... T76: =Calc!T76 -> 38.82 | U76: =AVERAGE(H76:T76) -> 59.447692 | V76: =RANK(U76,$U$2:$U$113,0)+(COUNTIF($U$2:$U$113,U76)-1)/2 -> 43 | W76: =Coverage!P76 -> 11 | X76: =Coverage!Q76 -> 0.84615385 | Y76: =Coverage!R76 -> 70.256364 | Z76: Repository marked assessable in register | AA76: m8_issue_response below minimum eligible sample (n=1); scored 0; m10_issue_close90 below minimum eligible sample (n=1); scored 0
A77: C4-076 | B77: OpenCitations | C77: software | D77: Replace URL | E77: opencitations/oc_meta | F77: complete | G77: complete | H77: =Calc!H77 -> 79.86 | I77: =Calc!I77 -> 71.15 | J77: =Calc!J77 -> 100 | K77: =Calc!K77 -> 50 | L77: =Calc!L77 -> 31.7 | M77: =Calc!M77 -> 9.96 | N77: =Calc!N77 -> 50 | O77: =Calc!O77 -> 0 | ... T77: =Calc!T77 -> 15.02 | U77: =AVERAGE(H77:T77) -> 31.360769 | V77: =RANK(U77,$U$2:$U$113,0)+(COUNTIF($U$2:$U$113,U77)-1)/2 -> 77 | W77: =Coverage!P77 -> 9 | X77: =Coverage!Q77 -> 0.69230769 | Y77: =Coverage!R77 -> 45.298889 | Z77: Repository marked assessable in register | AA77: m8_issue_response below minimum eligible sample (n=4); scored 0; m9_pr_response below minimum eligible sample (n=1); scored 0; m10_issue_close90 below minimum eligible sample (n=1); scored 0; m11_pr_decision30 below minimum eligible sample (n=0); scored 0
A78: C4-077 | B78: openCost | C78: software | D78: Fix URL (repo root) | E78: opencost-de/opencost | F78: complete | G78: complete | H78: =Calc!H78 -> 57.47 | I78: =Calc!I78 -> 21.15 | J78: =Calc!J78 -> 100 | K78: =Calc!K78 -> 0 | L78: =Calc!L78 -> 40 | M78: =Calc!M78 -> 25.52 | N78: =Calc!N78 -> 25 | O78: =Calc!O78 -> 13.33 | ... T78: =Calc!T78 -> 15.02 | U78: =AVERAGE(H78:T78) -> 24.403077 | V78: =RANK(U78,$U$2:$U$113,0)+(COUNTIF($U$2:$U$113,U78)-1)/2 -> 82 | W78: =Coverage!P78 -> 11 | X78: =Coverage!Q78 -> 0.84615385 | Y78: =Coverage!R78 -> 28.84 | Z78: Repository marked assessable in register | AA78: m9_pr_response below minimum eligible sample (n=9); scored 0; m11_pr_decision30 below minimum eligible sample (n=4); scored 0
... A86: C4-085 | B86: OSF (Open Science Framework) | C86: software | D86: Ready | E86: CenterForOpenScience/osf.io | F86: complete | G86: complete | H86: =Calc!H86 -> 82.56 | I86: =Calc!I86 -> 94.23 | J86: =Calc!J86 -> 100 | K86: =Calc!K86 -> 100 | L86: =Calc!L86 -> 84.96 | M86: =Calc!M86 -> 100 | N86: =Calc!N86 -> 100 | O86: =Calc!O86 -> 36.36 | ... T86: =Calc!T86 -> 63.8 | U86: =AVERAGE(H86:T86) -> 78.090769 | V86: =RANK(U86,$U$2:$U$113,0)+(COUNTIF($U$2:$U$113,U86)-1)/2 -> 13 | W86: =Coverage!P86 -> 13 | X86: =Coverage!Q86 -> 1 | Y86: =Coverage!R86 -> 78.090769 | Z86: Repository marked assessable in register | AA86: No missing metric inputs flagged by pipeline availability checks
A87: C4-086 | B87: Oxford Common File Layout | C87: standard | D87: Exclude: standard | E87: OCFL/spec | H87: =Calc!H87 -> 0 | I87: =Calc!I87 -> 0 | J87: =Calc!J87 -> 0 | K87: =Calc!K87 -> 0 | L87: =Calc!L87 -> 0 | M87: =Calc!M87 -> 0 | N87: =Calc!N87 -> 0 | O87: =Calc!O87 -> 0 | ... T87: =Calc!T87 -> 0 | U87: =AVERAGE(H87:T87) -> 0 | V87: =RANK(U87,$U$2:$U$113,0)+(COUNTIF($U$2:$U$113,U87)-1)/2 -> 106 | W87: =Coverage!P87 -> 0 | X87: =Coverage!Q87 -> 0 | Y87: =Coverage!R87 -> 0 | Z87: NOT ASSESSABLE / EXCLUDED: numeric zero is a policy zero-fill, not measured inactivity | AA87: Repository register marks entry not assessable/excluded; zero-filled score is not evidence of inactivity; Git extraction incomplete or unavailable; GitHub/API extraction incomplete or no GitHub source; m8_issue_response unavailable; scored 0; m9_pr_response unavailable; scored 0; m10_issue_close90 unavailable; scored 0; m11_pr_decision30 unavailable; scored 0; GitHub adoption fields unavailable where no supported GitHub source exists; scored 0
A88: C4-087 | B88: Peer Community In | C88: software | D88: Ready | E88: pci-dev/pci | F88: complete | G88: complete | H88: =Calc!H88 -> 61.9 | I88: =Calc!I88 -> 48.08 | J88: =Calc!J88 -> 100 | K88: =Calc!K88 -> 100 | L88: =Calc!L88 -> 40 | M88: =Calc!M88 -> 35.45 | N88: =Calc!N88 -> 25 | O88: =Calc!O88 -> 0 | ... T88: =Calc!T88 -> 23.8 | U88: =AVERAGE(H88:T88) -> 41.089231 | V88: =RANK(U88,$U$2:$U$113,0)+(COUNTIF($U$2:$U$113,U88)-1)/2 -> 67 | W88: =Coverage!P88 -> 11 | X88: =Coverage!Q88 -> 0.84615385 | Y88: =Coverage!R88 -> 48.56 | Z88: Repository marked assessable in register | AA88: m8_issue_response unavailable; scored 0; m10_issue_close90 unavailable; scored 0
A89: C4-088 | B89: PKP Preservation Network | C89: software | D89: Ready | E89: pkp/pln | F89: complete | G89: complete | H89: =Calc!H89 -> 55.42 | I89: =Calc!I89 -> 17.31 | J89: =Calc!J89 -> 100 | K89: =Calc!K89 -> 75 | L89: =Calc!L89 -> 31.7 | M89: =Calc!M89 -> 8.77 | N89: =Calc!N89 -> 25 | O89: =Calc!O89 -> 0 | ... T89: =Calc!T89 -> 30.04 | U89: =AVERAGE(H89:T89) -> 27.174615 | V89: =RANK(U89,$U$2:$U$113,0)+(COUNTIF($U$2:$U$113,U89)-1)/2 -> 78 | W89: =Coverage!P89 -> 9 | X89: =Coverage!Q89 -> 0.69230769 | Y89: =Coverage!R89 -> 39.252222 | Z89: Repository marked assessable in register | AA89: m8_issue_response below minimum eligible sample (n=4); scored 0; m9_pr_response below minimum eligible sample (n=9); scored 0; m10_issue_close90 below minimum eligible sample (n=0); scored 0; m11_pr_decision30 below minimum eligible sample (n=7); scored 0
A90: C4-089 | B90: PREreview | C90: software | D90: Ready | E90: PREreview/prereview.org | F90: complete | G90: complete | H90: =Calc!H90 -> 100 | I90: =Calc!I90 -> 98.08 | J90: =Calc!J90 -> 100 | K90: =Calc!K90 -> 0 | L90: =Calc!L90 -> 31.7 | M90: =Calc!M90 -> 8.77 | N90: =Calc!N90 -> 75 | O90: =Calc!O90 -> 0 | ... T90: =Calc!T90 -> 23.8 | U90: =AVERAGE(H90:T90) -> 57.240769 | V90: =RANK(U90,$U$2:$U$113,0)+(COUNTIF($U$2:$U$113,U90)-1)/2 -> 50 | W90: =Coverage!P90 -> 13 | X90: =Coverage!Q90 -> 1 | Y90: =Coverage!R90 -> 57.240769 | Z90: Repository marked assessable in register | AA90: No missing metric inputs flagged by pipeline availability checks
A91: C4-090 | B91: Pressbooks | C91: software | D91: Ready | E91: pressbooks/pressbooks | F91: complete | G91: complete | H91: =Calc!H91 -> 72.91 | I91: =Calc!I91 -> 86.54 | J91: =Calc!J91 -> 100 | K91: =Calc!K91 -> 100 | L91: =Calc!L91 -> 69.19 | M91: =Calc!M91 -> 78.26 | N91: =Calc!N91 -> 100 | O91: =Calc!O91 -> 35 | ... T91: =Calc!T91 -> 51.96 | U91: =AVERAGE(H91:T91) -> 72.323846 | V91: =RANK(U91,$U$2:$U$113,0)+(COUNTIF($U$2:$U$113,U91)-1)/2 -> 21 | W91: =Coverage!P91 -> 13 | X91: =Coverage!Q91 -> 1 | Y91: =Coverage!R91 -> 72.323846 | Z91: Repository marked assessable in register | AA91: No missing metric inputs flagged by pipeline availability checks
A92: C4-091 | B92: Public Access Submission System | C92: software | D92: Ready -> umbrella expanded to product set | E92: eclipse-pass/main;eclipse-pass/pass-core;eclipse-pass/pass-ui | F92: complete | G92: complete | H92: =Calc!H92 -> 57.47 | I92: =Calc!I92 -> 23.08 | J92: =Calc!J92 -> 96.38 | K92: =Calc!K92 -> 100 | L92: =Calc!L92 -> 46.44 | M92: =Calc!M92 -> 62.66 | N92: =Calc!N92 -> 75 | O92: =Calc!O92 -> 30 | ... T92: =Calc!T92 -> 15.02 | U92: =AVERAGE(H92:T92) -> 58.889231 | V92: =RANK(U92,$U$2:$U$113,0)+(COUNTIF($U$2:$U$113,U92)-1)/2 -> 44 | W92: =Coverage!P92 -> 13 | X92: =Coverage!Q92 -> 1 | Y92: =Coverage!R92 -> 58.889231 | Z92: Repository marked assessable in register | AA92: No missing metric inputs flagged by pipeline availability checks
A93: C4-092 | B93: Public Utility Data Liberation (PUDL) | C93: software | D93: Ready | E93: catalyst-cooperative/pudl | F93: complete | G93: complete | H93: =Calc!H93 -> 86.97 | I93: =Calc!I93 -> 98.08 | J93: =Calc!J93 -> 100 | K93: =Calc!K93 -> 100 | L93: =Calc!L93 -> 89.19 | M93: =Calc!M93 -> 76.82 | N93: =Calc!N93 -> 100 | O93: =Calc!O93 -> 64.81 | ... T93: =Calc!T93 -> 67.94 | U93: =AVERAGE(H93:T93) -> 82.220769 | V93: =RANK(U93,$U$2:$U$113,0)+(COUNTIF($U$2:$U$113,U93)-1)/2 -> 6 | W93: =Coverage!P93 -> 13 | X93: =Coverage!Q93 -> 1 | Y93: =Coverage!R93 -> 82.220769 | Z93: Repository marked assessable in register | AA93: No missing metric inputs flagged by pipeline availability checks
A94: C4-093 | B94: PubPub | C94: software | D94: Replace URL | E94: knowledgefutures/pubpub | F94: complete | G94: complete | H94: =Calc!H94 -> 76.1 | I94: =Calc!I94 -> 63.46 | J94: =Calc!J94 -> 100 | K94: =Calc!K94 -> 100 | L94: =Calc!L94 -> 60 | M94: =Calc!M94 -> 56.24 | N94: =Calc!N94 -> 75 | O94: =Calc!O94 -> 0 | ... T94: =Calc!T94 -> 34.87 | U94: =AVERAGE(H94:T94) -> 58.366154 | V94: =RANK(U94,$U$2:$U$113,0)+(COUNTIF($U$2:$U$113,U94)-1)/2 -> 47 | W94: =Coverage!P94 -> 11 | X94: =Coverage!Q94 -> 0.84615385 | Y94: =Coverage!R94 -> 68.978182 | Z94: Repository marked assessable in register | AA94: m8_issue_response below minimum eligible sample (n=9); scored 0; m10_issue_close90 below minimum eligible sample (n=9); scored 0
A95: C4-094 | B95: Pundit | C95: software | D95: Ready | E95: net7/pundit-client | F95: complete | G95: complete | H95: =Calc!H95 -> 59.02 | I95: =Calc!I95 -> 11.54 | J95: =Calc!J95 -> 88.54 | K95: =Calc!K95 -> 75 | L95: =Calc!L95 -> 20 | M95: =Calc!M95 -> 16.18 | N95: =Calc!N95 -> 0 | O95: =Calc!O95 -> 0 | ... T95: =Calc!T95 -> 15.02 | U95: =AVERAGE(H95:T95) -> 21.946154 | V95: =RANK(U95,$U$2:$U$113,0)+(COUNTIF($U$2:$U$113,U95)-1)/2 -> 86 | W95: =Coverage!P95 -> 9 | X95: =Coverage!Q95 -> 0.69230769 | Y95: =Coverage!R95 -> 31.7 | Z95: Repository marked assessable in register | AA95: m8_issue_response below minimum eligible sample (n=0); scored 0; m9_pr_response below minimum eligible sample (n=2); scored 0; m10_issue_close90 below minimum eligible sample (n=0); scored 0; m11_pr_decision30 below minimum eligible sample (n=2); scored 0
A96: C4-095 | B96: pyOpenSci | C96: not-assessable | D96: Not assessable | H96: =Calc!H96 -> 0 | I96: =Calc!I96 -> 0 | J96: =Calc!J96 -> 0 | K96: =Calc!K96 -> 0 | L96: =Calc!L96 -> 0 | M96: =Calc!M96 -> 0 | N96: =Calc!N96 -> 0 | O96: =Calc!O96 -> 0 | ... T96: =Calc!T96 -> 0 | U96: =AVERAGE(H96:T96) -> 0 | V96: =RANK(U96,$U$2:$U$113,0)+(COUNTIF($U$2:$U$113,U96)-1)/2 -> 106 | W96: =Coverage!P96 -> 0 | X96: =Coverage!Q96 -> 0 | Y96: =Coverage!R96 -> 0 | Z96: NOT ASSESSABLE / EXCLUDED: numeric zero is a policy zero-fill, not measured inactivity | AA96: Repository register marks entry not assessable/excluded; zero-filled score is not evidence of inactivity; Git extraction incomplete or unavailable; GitHub/API extraction incomplete or no GitHub source; m8_issue_response unavailable; scored 0; m9_pr_response unavailable; scored 0; m10_issue_close90 unavailable; scored 0; m11_pr_decision30 unavailable; scored 0; GitHub adoption fields unavailable where no supported GitHub source exists; scored 0
A97: C4-096 | B97: Renku | C97: software | D97: Ready -> umbrella expanded to product set | E97: SwissDataScienceCenter/renku;SwissDataScienceCenter/renku-data-services;SwissDataScienceCenter/renku-ui | F97: complete | G97: complete | H97: =Calc!H97 -> 89.92 | I97: =Calc!I97 -> 98.08 | J97: =Calc!J97 -> 100 | K97: =Calc!K97 -> 100 | L97: =Calc!L97 -> 84.96 | M97: =Calc!M97 -> 91.4 | N97: =Calc!N97 -> 100 | O97: =Calc!O97 -> 20 | ... T97: =Calc!T97 -> 34.87 | U97: =AVERAGE(H97:T97) -> 75.936154 | V97: =RANK(U97,$U$2:$U$113,0)+(COUNTIF($U$2:$U$113,U97)-1)/2 -> 16 | W97: =Coverage!P97 -> 13 | X97: =Coverage!Q97 -> 1 | Y97: =Coverage!R97 -> 75.936154 | Z97: Repository marked assessable in register | AA97: No missing metric inputs flagged by pipeline availability checks
A98: C4-097 | B98: RePEc | C98: not-assessable | D98: Not assessable | H98: =Calc!H98 -> 0 | I98: =Calc!I98 -> 0 | J98: =Calc!J98 -> 0 | K98: =Calc!K98 -> 0 | L98: =Calc!L98 -> 0 | M98: =Calc!M98 -> 0 | N98: =Calc!N98 -> 0 | O98: =Calc!O98 -> 0 | ... T98: =Calc!T98 -> 0 | U98: =AVERAGE(H98:T98) -> 0 | V98: =RANK(U98,$U$2:$U$113,0)+(COUNTIF($U$2:$U$113,U98)-1)/2 -> 106 | W98: =Coverage!P98 -> 0 | X98: =Coverage!Q98 -> 0 | Y98: =Coverage!R98 -> 0 | Z98: NOT ASSESSABLE / EXCLUDED: numeric zero is a policy zero-fill, not measured inactivity | AA98: Repository register marks entry not assessable/excluded; zero-filled score is not evidence of inactivity; Git extraction incomplete or unavailable; GitHub/API extraction incomplete or no GitHub source; m8_issue_response unavailable; scored 0; m9_pr_response unavailable; scored 0; m10_issue_close90 unavailable; scored 0; m11_pr_decision30 unavailable; scored 0; GitHub adoption fields unavailable where no supported GitHub source exists; scored 0
A99: C4-098 | B99: Research Organization Registry (ROR) | C99: software | D99: Replace URL | E99: ror-community/ror-api | F99: complete | G99: complete | H99: =Calc!H99 -> 54.1 | I99: =Calc!I99 -> 25 | J99: =Calc!J99 -> 100 | K99: =Calc!K99 -> 100 | L99: =Calc!L99 -> 20 | M99: =Calc!M99 -> 4.58 | N99: =Calc!N99 -> 25 | O99: =Calc!O99 -> 0 | ... T99: =Calc!T99 -> 34.87 | U99: =AVERAGE(H99:T99) -> 38.476923 | V99: =RANK(U99,$U$2:$U$113,0)+(COUNTIF($U$2:$U$113,U99)-1)/2 -> 73 | W99: =Coverage!P99 -> 11 | X99: =Coverage!Q99 -> 0.84615385 | Y99: =Coverage!R99 -> 45.472727 | Z99: Repository marked assessable in register | AA99: m8_issue_response below minimum eligible sample (n=0); scored 0; m10_issue_close90 below minimum eligible sample (n=0); scored 0
A100: C4-099 | B100: Rogue Scholar | C100: software | D100: Ready | E100: front-matter/rogue-scholar | F100: complete | G100: complete | H100: =Calc!H100 -> 86.24 | I100: =Calc!I100 -> 53.85 | J100: =Calc!J100 -> 75.33 | K100: =Calc!K100 -> 50 | L100: =Calc!L100 -> 0 | M100: =Calc!M100 -> 0 | N100: =Calc!N100 -> 25 | O100: =Calc!O100 -> 0 | ... T100: =Calc!T100 -> 15.02 | U100: =AVERAGE(H100:T100) -> 25.287692 | V100: =RANK(U100,$U$2:$U$113,0)+(COUNTIF($U$2:$U$113,U100)-1)/2 -> 80 | W100: =Coverage!P100 -> 9 | X100: =Coverage!Q100 -> 0.69230769 | Y100: =Coverage!R100 -> 36.526667 | Z100: Repository marked assessable in register | AA100: m8_issue_response below minimum eligible sample (n=0); scored 0; m9_pr_response below minimum eligible sample (n=1); scored 0; m10_issue_close90 below minimum eligible sample (n=0); scored 0; m11_pr_decision30 below minimum eligible sample (n=0); scored 0
A101: C4-100 | B101: RSpace | C101: software | D101: Ready | E101: rspace-os/rspace-web | F101: complete | G101: complete | H101: =Calc!H101 -> 93.46 | I101: =Calc!I101 -> 98.08 | J101: =Calc!J101 -> 100 | K101: =Calc!K101 -> 100 | L101: =Calc!L101 -> 69.19 | M101: =Calc!M101 -> 87.43 | N101: =Calc!N101 -> 100 | O101: =Calc!O101 -> 65 | ... T101: =Calc!T101 -> 42.16 | U101: =AVERAGE(H101:T101) -> 76.264615 | V101: =RANK(U101,$U$2:$U$113,0)+(COUNTIF($U$2:$U$113,U101)-1)/2 -> 15 | W101: =Coverage!P101 -> 13 | X101: =Coverage!Q101 -> 1 | Y101: =Coverage!R101 -> 76.264615 | Z101: Repository marked assessable in register | AA101: No missing metric inputs flagged by pipeline availability checks
A102: C4-101 | B102: Sciety | C102: software | D102: Ready | E102: sciety/sciety | F102: complete | G102: complete | H102: =Calc!H102 -> 91.46 | I102: =Calc!I102 -> 50 | J102: =Calc!J102 -> 100 | K102: =Calc!K102 -> 0 | L102: =Calc!L102 -> 71.7 | M102: =Calc!M102 -> 62.79 | N102: =Calc!N102 -> 75 | O102: =Calc!O102 -> 41.38 | ... T102: =Calc!T102 -> 0 | U102: =AVERAGE(H102:T102) -> 44.768462 | V102: =RANK(U102,$U$2:$U$113,0)+(COUNTIF($U$2:$U$113,U102)-1)/2 -> 64 | W102: =Coverage!P102 -> 11 | X102: =Coverage!Q102 -> 0.84615385 | Y102: =Coverage!R102 -> 52.908182 | Z102: Repository marked assessable in register | AA102: m9_pr_response below minimum eligible sample (n=5); scored 0; m11_pr_decision30 below minimum eligible sample (n=5); scored 0
A103: C4-102 | B103: Synapse | C103: software | D103: Ready | E103: Sage-Bionetworks/Synapse-Repository-Services | F103: complete | G103: complete | H103: =Calc!H103 -> 100 | I103: =Calc!I103 -> 100 | J103: =Calc!J103 -> 100 | K103: =Calc!K103 -> 100 | L103: =Calc!L103 -> 66.44 | M103: =Calc!M103 -> 87.04 | N103: =Calc!N103 -> 100 | O103: =Calc!O103 -> 0 | ... T103: =Calc!T103 -> 47.61 | U103: =AVERAGE(H103:T103) -> 67.721538 | V103: =RANK(U103,$U$2:$U$113,0)+(COUNTIF($U$2:$U$113,U103)-1)/2 -> 30 | W103: =Coverage!P103 -> 11 | X103: =Coverage!Q103 -> 0.84615385 | Y103: =Coverage!R103 -> 80.034545 | Z103: Repository marked assessable in register | AA103: m8_issue_response unavailable; scored 0; m10_issue_close90 unavailable; scored 0
A104: C4-103 | B104: TagTeam | C104: software | D104: Keep (dormant) | E104: berkmancenter/tagteam | F104: complete | G104: complete | H104: =Calc!H104 -> 0 | I104: =Calc!I104 -> 0 | J104: =Calc!J104 -> 0 | K104: =Calc!K104 -> 0 | L104: =Calc!L104 -> 0 | M104: =Calc!M104 -> 0 | N104: =Calc!N104 -> 0 | O104: =Calc!O104 -> 0 | ... T104: =Calc!T104 -> 0 | U104: =AVERAGE(H104:T104) -> 1.2230769 | V104: =RANK(U104,$U$2:$U$113,0)+(COUNTIF($U$2:$U$113,U104)-1)/2 -> 99 | W104: =Coverage!P104 -> 9 | X104: =Coverage!Q104 -> 0.69230769 | Y104: =Coverage!R104 -> 1.7666667 | Z104: Repository marked assessable in register | AA104: m8_issue_response below minimum eligible sample (n=0); scored 0; m9_pr_response below minimum eligible sample (n=0); scored 0; m10_issue_close90 below minimum eligible sample (n=0); scored 0; m11_pr_decision30 below minimum eligible sample (n=0); scored 0
A105: C4-104 | B105: Thoth Open Metadata | C105: software | D105: Ready | E105: thoth-pub/thoth | F105: complete | G105: complete | H105: =Calc!H105 -> 93.25 | I105: =Calc!I105 -> 76.92 | J105: =Calc!J105 -> 100 | K105: =Calc!K105 -> 100 | L105: =Calc!L105 -> 31.7 | M105: =Calc!M105 -> 16.52 | N105: =Calc!N105 -> 50 | O105: =Calc!O105 -> 2.5 | ... T105: =Calc!T105 -> 15.02 | U105: =AVERAGE(H105:T105) -> 46.070769 | V105: =RANK(U105,$U$2:$U$113,0)+(COUNTIF($U$2:$U$113,U105)-1)/2 -> 60 | W105: =Coverage!P105 -> 13 | X105: =Coverage!Q105 -> 1 | Y105: =Coverage!R105 -> 46.070769 | Z105: Repository marked assessable in register | AA105: No missing metric inputs flagged by pipeline availability checks
A106: C4-105 | B106: Tropy | C106: software | D106: Ready | E106: tropy/tropy | F106: complete | G106: complete | H106: =Calc!H106 -> 96.94 | I106: =Calc!I106 -> 90.38 | J106: =Calc!J106 -> 100 | K106: =Calc!K106 -> 100 | L106: =Calc!L106 -> 46.44 | M106: =Calc!M106 -> 21.08 | N106: =Calc!N106 -> 75 | O106: =Calc!O106 -> 23.64 | ... T106: =Calc!T106 -> 62.63 | U106: =AVERAGE(H106:T106) -> 63.558462 | V106: =RANK(U106,$U$2:$U$113,0)+(COUNTIF($U$2:$U$113,U106)-1)/2 -> 34 | W106: =Coverage!P106 -> 13 | X106: =Coverage!Q106 -> 1 | Y106: =Coverage!R106 -> 63.558462 | Z106: Repository marked assessable in register | AA106: No missing metric inputs flagged by pipeline availability checks
A107: C4-106 | B107: veraPDF | C107: software | D107: Ready | E107: veraPDF/veraPDF-library | F107: complete | G107: complete | H107: =Calc!H107 -> 56.91 | I107: =Calc!I107 -> 53.85 | J107: =Calc!J107 -> 100 | K107: =Calc!K107 -> 100 | L107: =Calc!L107 -> 56.15 | M107: =Calc!M107 -> 55.94 | N107: =Calc!N107 -> 75 | O107: =Calc!O107 -> 94.83 | ... T107: =Calc!T107 -> 34.87 | U107: =AVERAGE(H107:T107) -> 68.926154 | V107: =RANK(U107,$U$2:$U$113,0)+(COUNTIF($U$2:$U$113,U107)-1)/2 -> 28 | W107: =Coverage!P107 -> 13 | X107: =Coverage!Q107 -> 1 | Y107: =Coverage!R107 -> 68.926154 | Z107: Repository marked assessable in register | AA107: No missing metric inputs flagged by pipeline availability checks
A108: C4-107 | B108: ViPER | C108: software | D108: Ready | E108: openpreserve/ViPER | F108: complete | G108: complete | H108: =Calc!H108 -> 15.9 | I108: =Calc!I108 -> 3.85 | J108: =Calc!J108 -> 100 | K108: =Calc!K108 -> 100 | L108: =Calc!L108 -> 0 | M108: =Calc!M108 -> 0 | N108: =Calc!N108 -> 0 | O108: =Calc!O108 -> 0 | ... T108: =Calc!T108 -> 15.02 | U108: =AVERAGE(H108:T108) -> 19.282308 | V108: =RANK(U108,$U$2:$U$113,0)+(COUNTIF($U$2:$U$113,U108)-1)/2 -> 88 | W108: =Coverage!P108 -> 9 | X108: =Coverage!Q108 -> 0.69230769 | Y108: =Coverage!R108 -> 27.852222 | Z108: Repository marked assessable in register | AA108: m8_issue_response below minimum eligible sample (n=2); scored 0; m9_pr_response below minimum eligible sample (n=7); scored 0; m10_issue_close90 below minimum eligible sample (n=1); scored 0; m11_pr_decision30 below minimum eligible sample (n=6); scored 0
A109: C4-108 | B109: Vireo ETD | C109: software | D109: Ready | E109: TexasDigitalLibrary/Vireo | F109: complete | G109: complete | H109: =Calc!H109 -> 56.03 | I109: =Calc!I109 -> 32.69 | J109: =Calc!J109 -> 86.53 | K109: =Calc!K109 -> 75 | L109: =Calc!L109 -> 46.44 | M109: =Calc!M109 -> 57.85 | N109: =Calc!N109 -> 75 | O109: =Calc!O109 -> 17.86 | ... T109: =Calc!T109 -> 15.02 | U109: =AVERAGE(H109:T109) -> 46.706923 | V109: =RANK(U109,$U$2:$U$113,0)+(COUNTIF($U$2:$U$113,U109)-1)/2 -> 59 | W109: =Coverage!P109 -> 13 | X109: =Coverage!Q109 -> 1 | Y109: =Coverage!R109 -> 46.706923 | Z109: Repository marked assessable in register | AA109: No missing metric inputs flagged by pipeline availability checks
A110: C4-109 | B110: VIVO | C110: software | D110: Ready -> umbrella expanded to product set | E110: vivo-project/VIVO;vivo-project/Vitro | F110: complete | G110: complete | H110: =Calc!H110 -> 67.5 | I110: =Calc!I110 -> 65.38 | J110: =Calc!J110 -> 100 | K110: =Calc!K110 -> 100 | L110: =Calc!L110 -> 60 | M110: =Calc!M110 -> 66.43 | N110: =Calc!N110 -> 75 | O110: =Calc!O110 -> 19.51 | ... T110: =Calc!T110 -> 63.8 | U110: =AVERAGE(H110:T110) -> 58.842308 | V110: =RANK(U110,$U$2:$U$113,0)+(COUNTIF($U$2:$U$113,U110)-1)/2 -> 45 | W110: =Coverage!P110 -> 13 | X110: =Coverage!Q110 -> 1 | Y110: =Coverage!R110 -> 58.842308 | Z110: Repository marked assessable in register | AA110: No missing metric inputs flagged by pipeline availability checks
... A113: C4-112 | B113: Zotero | C113: software | D113: Ready | E113: zotero/zotero | F113: complete | G113: complete | H113: =Calc!H113 -> 100 | I113: =Calc!I113 -> 98.08 | J113: =Calc!J113 -> 100 | K113: =Calc!K113 -> 100 | L113: =Calc!L113 -> 87.85 | M113: =Calc!M113 -> 33.57 | N113: =Calc!N113 -> 100 | O113: =Calc!O113 -> 71.15 | ... T113: =Calc!T113 -> 100 | U113: =AVERAGE(H113:T113) -> 84.213846 | V113: =RANK(U113,$U$2:$U$113,0)+(COUNTIF($U$2:$U$113,U113)-1)/2 -> 4 | W113: =Coverage!P113 -> 13 | X113: =Coverage!Q113 -> 1 | Y113: =Coverage!R113 -> 84.213846 | Z113: Repository marked assessable in register | AA113: No missing metric inputs flagged by pipeline availability checks

Sheet Metric Rules
A1: Code | B1: Metric | C1: Dimension label | D1: Source field | E1: Exact weight | F1: Displayed weight | G1: Definition | H1: Scoring rule | I1: Unavailable-data rule | J1: Why included / interpretation
A2: m1_commits | B2: Human commits | C2: Continuity | D2: git_metrics.csv::human_commits | E2: 0.076923077 | F2: 7.69% | G2: Non-merge, non-bot commits during the window. | H2: 100 * min(1, log10(1+c) / log10(1001)); 1,000 or more commits = 100. | I2: Scores 0 in the fixed-denominator final score; not counted as observed coverage. A valid observed zero remains observed. | J2: Measures recorded development volume. Log scaling limits domination by very large repositories.
A3: m2_active_weeks | B3: Active weeks | C3: Continuity | D3: git_metrics.csv::active_weeks | E3: 0.076923077 | F3: 7.69% | G3: Distinct weeks, out of 52, with at least one human non-merge commit. | H3: 100 * active_weeks / 52. | I3: Scores 0 in the fixed-denominator final score; not counted as observed coverage. A valid observed zero remains observed. | J3: Measures temporal spread of work rather than total volume.
A4: m3_recency | B4: Commit recency | C4: Continuity | D4: git_metrics.csv::days_since_last | E4: 0.076923077 | F4: 7.69% | G4: Days from the latest human non-merge commit in the window to the cutoff. | H4: 100 if d <= 30; otherwise max(0, 100 * (365-d)/335). No activity in a complete Git extract = 0. | I4: Scores 0 in the fixed-denominator final score; not counted as observed coverage. A valid observed zero remains observed. | J4: Distinguishes recent recorded development from activity that ended earlier in the window.
A5: m4_releases | B5: Release activity | C5: Continuity | D5: git_metrics.csv::tags_in_window | E5: 0.076923077 | F5: 7.69% | G5: Number of Git tags created during the window; tags are a proxy for releases. | H5: 0 tags = 0; 1 = 50; 2-3 = 75; 4+ = 100. | I5: Scores 0 in the fixed-denominator final score; not counted as observed coverage. A valid observed zero remains observed. | J5: Captures versioned outputs; projects that release without Git tags may be undercounted.
A6: m5_contributors | B6: Active contributors | C6: Contributors | D6: git_metrics.csv::contributors | E6: 0.076923077 | F6: 7.69% | G6: Resolved human identities with at least one non-merge commit in the window. | H6: 0-1 contributors = 0; otherwise 100 * min(1, log2(n)/5); 32+ = 100. | I6: Scores 0 in the fixed-denominator final score; not counted as observed coverage. A valid observed zero remains observed. | J6: Measures breadth of human participation, beyond commit volume alone.
A7: m6_effective_contributors | B7: Effective contributors | C7: Contributors | D7: git_metrics.csv::eff_contributors | E7: 0.076923077 | F7: 7.69% | G7: Inverse concentration of human commit shares: E = 1 / sum(p_i^2). | H7: 0 if E <= 1; otherwise 100 * min(1, log2(E)/3); E >= 8 = 100. | I7: Scores 0 in the fixed-denominator final score; not counted as observed coverage. A valid observed zero remains observed. | J7: Adjusts contributor count for whether work is concentrated in a small number of people.
A8: m7_retention | B8: Contributor retention | C8: Contributors | D8: git_metrics.csv::retained | E8: 0.076923077 | F8: 7.69% | G8: Number of contributors active in both halves of the observation window. | H8: 0 = 0; 1 = 25; 2 = 50; 3-4 = 75; 5+ = 100. | I8: Scores 0 in the fixed-denominator final score; not counted as observed coverage. A valid observed zero remains observed. | J8: Captures continued participation across the year rather than one-time contribution.
A9: m8_issue_response | B9: Issue response within 14 days | C9: Responsiveness | D9: gh_metrics.csv::m8_issue_response_rate; manual_metrics.csv override | E9: 0.076923077 | F9: 7.69% | G9: Share of eligible issues receiving a qualifying response within 14 days. | H9: 100 * response rate; at least 10 eligible issues required for an observed rate. | I9: Scores 0 in the fixed-denominator final score; not counted as observed coverage. A valid observed zero remains observed. Rate is unavailable below n >= 10; that does not exclude the infrastructure from scoring. | J9: Measures timely handling of reported issues. A response is not the same as resolution.
A10: m9_pr_response | B10: PR response within 7 days | C10: Responsiveness | D10: gh_metrics.csv::m9_pr_response_rate | E10: 0.076923077 | F10: 7.69% | G10: Share of eligible non-bot pull requests receiving a qualifying response within 7 days. | H10: 100 * response rate; at least 10 eligible PRs required for an observed rate. | I10: Scores 0 in the fixed-denominator final score; not counted as observed coverage. A valid observed zero remains observed. Rate is unavailable below n >= 10; that does not exclude the infrastructure from scoring. | J10: Measures timely engagement with proposed contributions.
A11: m10_issue_close90 | B11: Issue closure within 90 days | C11: Responsiveness | D11: gh_metrics.csv::m10_issue_close90_rate; manual_metrics.csv override | E11: 0.076923077 | F11: 7.69% | G11: Share of eligible human-authored issues closed within 90 days. | H11: 100 * closure rate; at least 10 eligible issues required for an observed rate. | I11: Scores 0 in the fixed-denominator final score; not counted as observed coverage. A valid observed zero remains observed. Rate is unavailable below n >= 10; that does not exclude the infrastructure from scoring. | J11: Measures follow-through on issues, distinct from an initial response.
A12: m11_pr_decision30 | B12: PR decision within 30 days | C12: Responsiveness | D12: gh_metrics.csv::m11_pr_decision30_rate | E12: 0.076923077 | F12: 7.69% | G12: Share of eligible non-bot PRs merged or closed within 30 days. | H12: 100 * decision rate; at least 10 eligible PRs required for an observed rate. | I12: Scores 0 in the fixed-denominator final score; not counted as observed coverage. A valid observed zero remains observed. Rate is unavailable below n >= 10; that does not exclude the infrastructure from scoring. | J12: Measures whether proposed changes reach a decision, not only an initial response.
A13: m12_stars | B13: Stars gained | C13: Adoption | D13: gh_metrics.csv::m12_stars_gained | E13: 0.076923077 | F13: 7.69% | G13: New GitHub stars recorded inside the window. | H13: 100 * min(1, log10(1+stars)/3); 999+ = 100. | I13: Scores 0 in the fixed-denominator final score; not counted as observed coverage. A valid observed zero remains observed. | J13: A window-specific attention/adoption signal, not a direct quality measure; GitHub-only coverage.
A14: m13_forks | B14: Forks created | C14: Adoption | D14: gh_metrics.csv::m13_forks_created | E14: 0.076923077 | F14: 7.69% | G14: GitHub forks created inside the window. | H14: 100 * min(1, log10(1+forks)/2); 99+ = 100. | I14: Scores 0 in the fixed-denominator final score; not counted as observed coverage. A valid observed zero remains observed. | J14: A possible code-reuse signal distinct from stars, but correlated with them and GitHub-specific.
A15: TOTAL | E15: 1 | F15: 100.00% | H15: All 13 normalized metric scores averaged with a fixed denominator of 13. | I15: No overall coverage or eligibility threshold. | J15: Equal metric weighting, not equal dimension weighting.

Sheet Methodology
A1: Methodology and interpretation | B1: Details
A2: Purpose | B2: Summarize recorded software-development activity and repository-level interaction/adoption signals for the OISI Development Activity component.
A3: Metric set | B3: The 13 established indicators m1-m13 are retained; no new metric is introduced in this workbook.
A4: Equal weighting | B4: Each metric contributes exactly 1/13 = 7.6923% (display 7.69%). This is an explicit transparent choice, not an empirical estimate of causal importance.
A5: Dimension labels | B5: Dimensions are descriptive only. Equal metric weights imply Continuity=4/13 (30.77%), Contributors=3/13 (23.08%), Responsiveness=4/13 (30.77%), Adoption=2/13 (15.38%). They are not separately reweighted.
A6: Final formula | B6: Development Activity Score = (m1 + m2 + ... + m13) / 13, where every metric is normalized to 0-100 before averaging.
A7: Missing data | B7: Unknown, unavailable, unsupported-platform, failed extraction, or insufficient sample-size values score 0 in the final score. The denominator remains 13 for every entry.
A8: No coverage gate | B8: No minimum observed-metric count, weight-coverage threshold, or dimension eligibility threshold is applied. Every one of the 112 register entries receives a numeric zero-filled result.
A9: Metric-level sample rule | B9: Responsiveness rates m8-m11 retain the pipeline's minimum of 10 eligible records to avoid highly unstable rates. Below that sample, the metric is unavailable and contributes 0; the infrastructure still receives a score.
A10: Observed coverage | B10: Available metric count / 13. A valid measured zero counts as observed; unavailable values are not observed. Coverage is descriptive only and never gates the score.
A11: Observed-only mean | B11: Mean of available metric scores for that entry. It is reported as a diagnostic with a variable denominator and is not the final score or ranking.
A12: Assessability status | B12: Ten entries are marked scored=no in the current repository register (non-assessable, standards, or unresolved repository choice). They still receive numeric 0 under the requested fixed-denominator zero-fill rule, but remain visibly flagged and should not be interpreted as measured low activity or compared as ordinary software repositories.
... A20: Interpretation | B20: The score summarizes these operational indicators only. It is not a direct measure of software quality, impact, security, user satisfaction, or long-term sustainability.

Sheet Parameters
A1: Parameter | B1: Value | C1: Explanation
A2: Number of metrics | B2: 13 | C2: m1 through m13
A3: Exact metric weight | B3: 0.076923077 | C3: Each metric contributes exactly 1/13; exact weights sum to 100%.
A4: Displayed metric weight | B4: 7.69% | C4: Rounded presentation of 7.6923%.
A5: Final score denominator | B5: 13 | C5: Fixed for every entry, including entries with missing fields.
A6: Overall coverage eligibility threshold | B6: None | C6: No entry is excluded for low observed coverage.
A7: Unavailable-data treatment | B7: 0 | C7: Unavailable or insufficient-sample metrics score zero in the final composite.
A8: Observed coverage denominator | B8: 13 | C8: Available metric count / 13; diagnostic only.
A9: Responsiveness minimum sample | B9: 10 | C9: Minimum eligible n for m8-m11 rates. Under-threshold indicators score zero; entry remains scored.
A10: Observation window start | B10: 2025-10-01T00:00:00+00:00 | C10: UTC inclusive.
A11: Observation window end | B11: 2026-10-01T00:00:00+00:00 | C11: UTC exclusive.
A12: Tie ranking | B12: Average rank | C12: Tied entries receive the average of their occupied ranks.

Sheet Diagnostics
A1: Code | B1: Metric | C1: Dimension | D1: Source field | E1: Observed n | F1: Observed coverage | G1: Mean among observed | H1: Mean under zero-fill | I1: SD among observed | J1: % zero among observed | K1: Availability note
A2: m1_commits | B2: Human commits | C2: Continuity | D2: git_metrics.csv::human_commits | E2: 101 | F2: 0.90178571 | G2: 70.322178 | H2: 63.415536 | I2: 27.830187 | J2: 0.03960396 | K2: 101 of 112 entries have a usable value.
A3: m2_active_weeks | B3: Active weeks | C3: Continuity | D3: git_metrics.csv::active_weeks | E3: 101 | F3: 0.90178571 | G3: 62.357228 | H3: 56.232857 | I3: 35.528326 | J3: 0.03960396 | K3: 101 of 112 entries have a usable value.
A4: m3_recency | B4: Commit recency | C4: Continuity | D4: git_metrics.csv::days_since_last | E4: 101 | F4: 0.90178571 | G4: 91.253366 | H4: 82.290982 | I4: 24.134627 | J4: 0.03960396 | K4: 101 of 112 entries have a usable value.
A5: m4_releases | B5: Release activity | C5: Continuity | D5: git_metrics.csv::tags_in_window | E5: 101 | F5: 0.90178571 | G5: 69.80198 | H5: 62.946429 | I5: 41.224577 | J5: 0.23762376 | K5: 101 of 112 entries have a usable value.
A6: m5_contributors | B6: Active contributors | C6: Contributors | D6: git_metrics.csv::contributors | E6: 101 | F6: 0.90178571 | G6: 52.435941 | H6: 47.285982 | I6: 30.107148 | J6: 0.13861386 | K6: 101 of 112 entries have a usable value.
A7: m6_effective_contributors | B7: Effective contributors | C7: Contributors | D7: git_metrics.csv::eff_contributors | E7: 101 | F7: 0.90178571 | G7: 47.334455 | H7: 42.685536 | I7: 32.115195 | J7: 0.13861386 | K7: 101 of 112 entries have a usable value.
A8: m7_retention | B8: Contributor retention | C8: Contributors | D8: git_metrics.csv::retained | E8: 101 | F8: 0.90178571 | G8: 61.881188 | H8: 55.803571 | I8: 37.16335 | J8: 0.14851485 | K8: 101 of 112 entries have a usable value.
A9: m8_issue_response | B9: Issue response within 14 days | C9: Responsiveness | D9: gh_metrics.csv::m8_issue_response_rate; manual_metrics.csv override | E9: 54 | F9: 0.48214286 | G9: 44.645185 | H9: 21.525357 | I9: 23.128007 | J9: 0.037037037 | K9: 54 of 112 entries have a usable value. Requires at least 10 eligible items.
A10: m9_pr_response | B10: PR response within 7 days | C10: Responsiveness | D10: gh_metrics.csv::m9_pr_response_rate | E10: 65 | F10: 0.58035714 | G10: 57.976923 | H10: 33.647321 | I10: 27.141484 | J10: 0 | K10: 65 of 112 entries have a usable value. Requires at least 10 eligible items.
A11: m10_issue_close90 | B11: Issue closure within 90 days | C11: Responsiveness | D11: gh_metrics.csv::m10_issue_close90_rate; manual_metrics.csv override | E11: 52 | F11: 0.46428571 | G11: 42.460769 | H11: 19.713929 | I11: 22.036705 | J11: 0.038461538 | K11: 52 of 112 entries have a usable value. Requires at least 10 eligible items.
A12: m11_pr_decision30 | B12: PR decision within 30 days | C12: Responsiveness | D12: gh_metrics.csv::m11_pr_decision30_rate | E12: 65 | F12: 0.58035714 | G12: 83.399385 | H12: 48.401429 | I12: 16.147695 | J12: 0 | K12: 65 of 112 entries have a usable value. Requires at least 10 eligible items.
A13: m12_stars | B13: Stars gained | C13: Adoption | D13: gh_metrics.csv::m12_stars_gained | E13: 90 | F13: 0.80357143 | G13: 35.148111 | H13: 28.244018 | I13: 24.79763 | J13: 0.14444444 | K13: 90 of 112 entries have a usable value. GitHub-derived; no-source entries are unavailable.
A14: m13_forks | B14: Forks created | C14: Adoption | D14: gh_metrics.csv::m13_forks_created | E14: 90 | F14: 0.80357143 | G14: 39.258 | H14: 31.546607 | I14: 29.897849 | J14: 0.15555556 | K14: 90 of 112 entries have a usable value. GitHub-derived; no-source entries are unavailable.
A16: Cohort statistic | B16: Value
A17: Entries | B17: 112
A18: Mean zero-filled Development Activity score | B18: 45.672273
A19: Median zero-filled Development Activity score | B19: 51.658462
A20: Mean observed metric coverage | B20: 0.77129121
A21: Entries with all 13 metrics observed | B21: 45
A22: Entries with zero observed metrics | B22: 11
A23: Register marked assessable | B23: 102
A24: Register marked not assessable/excluded | B24: 10

Sheet Sensitivity
A1: Scenario | B1: Metrics averaged | C1: Entries | D1: Spearman rho vs baseline | E1: Mean absolute score change | F1: Maximum absolute score change | G1: Mean absolute rank shift | H1: Maximum absolute rank shift | I1: Top-10 overlap | J1: Interpretation
A2: Baseline: 13 equal metrics, zero-filled | B2: 13 | C2: 112 | D2: 1 | E2: 0 | F2: 0 | G2: 0 | H2: 0 | I2: 10 | J2: Primary fixed-denominator result.
A3: Sensitivity: observed-only mean | B3: 0 | C3: 112 | D3: 0.92000753 | E3: 5.848561 | F3: 38.997363 | G3: 7.9107143 | H3: 56 | I3: 7 | J3: Variable-denominator diagnostic; not the primary score.
A4: Sensitivity: omit m1_commits | B4: 12 | C4: 112 | D4: 0.99875092 | E4: 1.5489211 | F4: 5.079359 | G4: 1.0535714 | H4: 6 | I4: 9 | J4: Leave-one-metric-out robustness check; not the primary score.
A5: Sensitivity: omit m2_active_weeks | B5: 12 | C5: 112 | D5: 0.99721951 | E5: 1.4290516 | F5: 5.1712179 | G5: 1.4107143 | H5: 10 | I5: 10 | J5: Leave-one-metric-out robustness check; not the primary score.
A6: Sensitivity: omit m3_recency | B6: 12 | C6: 112 | D6: 0.99976901 | E6: 3.064826 | F6: 7.0201923 | G6: 0.26785714 | H6: 3 | I6: 10 | J6: Leave-one-metric-out robustness check; not the primary score.
A7: Sensitivity: omit m4_releases | B7: 12 | C7: 112 | D7: 0.99195429 | E7: 2.5531164 | F7: 7.6923077 | G7: 2.6517857 | H7: 14 | I7: 10 | J7: Leave-one-metric-out robustness check; not the primary score.
A8: Sensitivity: omit m5_contributors | B8: 12 | C8: 112 | D8: 0.99865681 | E8: 0.83973901 | F8: 2.8202564 | G8: 1.0714286 | H8: 6 | I8: 9 | J8: Leave-one-metric-out robustness check; not the primary score.
A9: Sensitivity: omit m6_effective_contributors | B9: 12 | C9: 112 | D9: 0.99756173 | E9: 1.152132 | F9: 4.2203205 | G9: 1.4285714 | H9: 9 | I9: 9 | J9: Leave-one-metric-out robustness check; not the primary score.
A10: Sensitivity: omit m7_retention | B10: 12 | C10: 112 | D10: 0.99822049 | E10: 1.4371537 | F10: 5.1785897 | G10: 1.125 | H10: 9 | I10: 9 | J10: Leave-one-metric-out robustness check; not the primary score.
A11: Sensitivity: omit m8_issue_response | B11: 12 | C11: 112 | D11: 0.99593621 | E11: 2.3000715 | F11: 6.6321795 | G11: 2 | H11: 10 | I11: 10 | J11: Leave-one-metric-out robustness check; not the primary score.
A12: Sensitivity: omit m9_pr_response | B12: 12 | C12: 112 | D12: 0.99681741 | E12: 1.602931 | F12: 4.7514744 | G12: 1.5714286 | H12: 9 | I12: 9 | J12: Leave-one-metric-out robustness check; not the primary score.
A13: Sensitivity: omit m10_issue_close90 | B13: 12 | C13: 112 | D13: 0.99662064 | E13: 2.4251196 | F13: 6.6321795 | G13: 1.7321429 | H13: 9 | I13: 9 | J13: Leave-one-metric-out robustness check; not the primary score.
... A16: Sensitivity: omit m13_forks | B16: 12 | C16: 112 | D16: 0.99684308 | E16: 1.5833957 | F16: 5.8958974 | G16: 1.6607143 | H16: 10 | I16: 9 | J16: Leave-one-metric-out robustness check; not the primary score.

Sheet Sensitivity Ranks
A1: OISI ID | B1: Infrastructure | C1: Baseline score | D1: Baseline rank | E1: Observed-only score | F1: Observed-only rank | G1: Rank without m1_commits | H1: Rank without m2_active_weeks | I1: Rank without m3_recency | J1: Rank without m4_releases | K1: Rank without m5_contributors | L1: Rank without m6_effective_contributors | M1: Rank without m7_retention | N1: Rank without m8_issue_response | O1: Rank without m9_pr_response | P1: Rank without m10_issue_close90 | Q1: Rank without m11_pr_decision30 | R1: Rank without m12_stars | S1: Rank without m13_forks
A2: C4-001 | B2: 2i2c | C2: 70.273846 | D2: 25 | E2: 70.273846 | F2: 35 | G2: 28 | H2: 28 | I2: 25 | J2: 14 | K2: 30 | L2: 27 | M2: 27 | N2: 27 | O2: 19 | P2: 29 | Q2: 28 | R2: 25 | S2: 26
A3: C4-002 | B3: Academic Preservation Trust (APTrust) | C3: 39.270769 | D3: 71 | E3: 39.270769 | F3: 79 | G3: 71 | H3: 71 | I3: 71 | J3: 64 | K3: 72 | L3: 73 | M3: 72 | N3: 69 | O3: 76 | P3: 69 | Q3: 72 | R3: 68 | S3: 66
A4: C4-003 | B4: AfricArXiv | C4: 0 | D4: 106 | E4: 0 | F4: 106 | G4: 106 | H4: 106 | I4: 106 | J4: 105.5 | K4: 106 | L4: 106 | M4: 106 | N4: 106 | O4: 106 | P4: 106 | Q4: 106 | R4: 105.5 | S4: 106
A5: C4-004 | B5: Arches Heritage Data Management Platform | C5: 79.62 | D5: 9 | E5: 79.62 | F5: 14 | G5: 10 | H5: 9 | I5: 9 | J5: 9 | K5: 10 | L5: 10 | M5: 10 | N5: 8 | O5: 11 | P5: 11 | Q5: 10 | R5: 9 | S5: 8
A6: C4-005 | B6: Archipelago Commons | C6: 40.056154 | D6: 69 | E6: 47.339091 | F6: 70 | G6: 70 | H6: 67 | I6: 69 | J6: 72 | K6: 69 | L6: 63 | M6: 67 | N6: 67 | O6: 69 | P6: 67 | Q6: 73 | R6: 71 | S6: 73
A7: C4-006 | B7: Archival Resource Key | C7: 23.485385 | D7: 83 | E7: 43.615714 | F7: 77 | G7: 83 | H7: 82 | I7: 84 | J7: 84 | K7: 85 | L7: 84 | M7: 81 | N7: 81 | O7: 83 | P7: 83 | Q7: 83 | R7: 81 | S7: 81
A8: C4-007 | B8: Archivematica | C8: 61.393846 | D8: 40 | E8: 61.393846 | F8: 55 | G8: 37 | H8: 39 | I8: 40 | J8: 42 | K8: 37 | L8: 37 | M8: 36 | N8: 43 | O8: 42 | P8: 41 | Q8: 42 | R8: 43 | S8: 42
A9: C4-008 | B9: ArchivesSpace | C9: 81 | D9: 8 | E9: 81 | F9: 12 | G9: 8 | H9: 8 | I9: 8 | J9: 8 | K9: 8 | L9: 8 | M9: 8 | N9: 7 | O9: 10 | P9: 7 | Q9: 8 | R9: 7 | S9: 7
A10: C4-009 | B10: ARGOS | C10: 15.216923 | D10: 93 | E10: 21.98 | F10: 93 | G10: 92 | H10: 92 | I10: 91 | J10: 94 | K10: 93 | L10: 93 | M10: 92 | N10: 93 | O10: 93 | P10: 93 | Q10: 93 | R10: 93 | S10: 93
A11: C4-010 | B11: arXiv | C11: 57.309231 | D11: 49 | E11: 67.729091 | F11: 43 | G11: 50 | H11: 49 | I11: 49 | J11: 37 | K11: 53 | L11: 53 | M11: 49 | N11: 45 | O11: 52 | P11: 46 | Q11: 50 | R11: 51 | S11: 52
A12: C4-011 | B12: AtoM | C12: 69.098462 | D12: 27 | E12: 69.098462 | F12: 38 | G12: 26 | H12: 24 | I12: 27 | J12: 28 | K12: 28 | L12: 29 | M12: 30 | N12: 29 | O12: 25 | P12: 28 | Q12: 22 | R12: 27 | S12: 27
A13: C4-012 | B13: Avalon Media System | C13: 63.426923 | D13: 36 | E13: 63.426923 | F13: 52 | G13: 34 | H13: 33 | I13: 36 | J13: 36 | K13: 35 | L13: 36 | M13: 35 | N13: 39 | O13: 43 | P13: 40 | Q13: 38 | R13: 36 | S13: 32
... A113: C4-112 | B113: Zotero | C113: 84.213846 | D113: 4 | E113: 84.213846 | F113: 7 | G113: 4 | H113: 4 | I113: 4 | J113: 4 | K113: 3 | L113: 3 | M113: 4 | N113: 4 | O113: 5 | P113: 6 | Q113: 4 | R113: 6 | S113: 5

Sheet Correlations
A1: Metric A | B1: Metric B | C1: Pairwise observed n | D1: Spearman rho | E1: Interpretation
A2: m1_commits | B2: m2_active_weeks | C2: 101 | D2: 0.92891205 | E2: Strong association; interpret equal weights as indicator weights, not independent construct weights.
A3: m1_commits | B3: m3_recency | C3: 101 | D3: 0.5801017 | E3: Exploratory pairwise association; not evidence of causality.
A4: m1_commits | B4: m4_releases | C4: 101 | D4: 0.35523435 | E4: Exploratory pairwise association; not evidence of causality.
A5: m1_commits | B5: m5_contributors | C5: 101 | D5: 0.66869476 | E5: Exploratory pairwise association; not evidence of causality.
A6: m1_commits | B6: m6_effective_contributors | C6: 101 | D6: 0.58317124 | E6: Exploratory pairwise association; not evidence of causality.
A7: m1_commits | B7: m7_retention | C7: 101 | D7: 0.7661257 | E7: Strong association; interpret equal weights as indicator weights, not independent construct weights.
A8: m1_commits | B8: m8_issue_response | C8: 54 | D8: 0.1174181 | E8: Exploratory pairwise association; not evidence of causality.
A9: m1_commits | B9: m9_pr_response | C9: 65 | D9: 0.13738319 | E9: Exploratory pairwise association; not evidence of causality.
A10: m1_commits | B10: m10_issue_close90 | C10: 52 | D10: 0.25284728 | E10: Exploratory pairwise association; not evidence of causality.
A11: m1_commits | B11: m11_pr_decision30 | C11: 65 | D11: 0.2658889 | E11: Exploratory pairwise association; not evidence of causality.
A12: m1_commits | B12: m12_stars | C12: 90 | D12: 0.37874678 | E12: Exploratory pairwise association; not evidence of causality.
A13: m1_commits | B13: m13_forks | C13: 90 | D13: 0.38215758 | E13: Exploratory pairwise association; not evidence of causality.
... A79: m12_stars | B79: m13_forks | C79: 90 | D79: 0.85164952 | E79: Strong association; interpret equal weights as indicator weights, not independent construct weights.

Sheet Coverage
A1: OISI ID | B1: Infrastructure | C1: m1_commits observed | D1: m2_active_weeks observed | E1: m3_recency observed | F1: m4_releases observed | G1: m5_contributors observed | H1: m6_effective_contributors observed | I1: m7_retention observed | J1: m8_issue_response observed | K1: m9_pr_response observed | L1: m10_issue_close90 observed | M1: m11_pr_decision30 observed | N1: m12_stars observed | O1: m13_forks observed | P1: Available metrics (of 13) | Q1: Observed coverage | R1: Observed-only mean | S1: Zero-filled final score | T1: Coverage interpretation
A2: C4-001 | B2: 2i2c | C2: 1 | D2: 1 | E2: 1 | F2: 1 | G2: 1 | H2: 1 | I2: 1 | J2: 1 | K2: 1 | L2: 1 | M2: 1 | N2: 1 | O2: 1 | P2: =SUM(C2:O2) -> 13 | Q2: =P2/13 -> 1 | R2: =IFERROR(SUMPRODUCT(Calc!B2:N2,C2:O2)/P2,0) -> 70.273846 | S2: =Scoring!U2 -> 70.273846 | T2: Diagnostic only; never an eligibility rule.
A3: C4-002 | B3: Academic Preservation Trust (APTrust) | C3: 1 | D3: 1 | E3: 1 | F3: 1 | G3: 1 | H3: 1 | I3: 1 | J3: 1 | K3: 1 | L3: 1 | M3: 1 | N3: 1 | O3: 1 | P3: =SUM(C3:O3) -> 13 | Q3: =P3/13 -> 1 | R3: =IFERROR(SUMPRODUCT(Calc!B3:N3,C3:O3)/P3,0) -> 39.270769 | S3: =Scoring!U3 -> 39.270769 | T3: Diagnostic only; never an eligibility rule.
A4: C4-003 | B4: AfricArXiv | C4: 0 | D4: 0 | E4: 0 | F4: 0 | G4: 0 | H4: 0 | I4: 0 | J4: 0 | K4: 0 | L4: 0 | M4: 0 | N4: 0 | O4: 0 | P4: =SUM(C4:O4) -> 0 | Q4: =P4/13 -> 0 | R4: =IFERROR(SUMPRODUCT(Calc!B4:N4,C4:O4)/P4,0) -> 0 | S4: =Scoring!U4 -> 0 | T4: Diagnostic only; never an eligibility rule.
A5: C4-004 | B5: Arches Heritage Data Management Platform | C5: 1 | D5: 1 | E5: 1 | F5: 1 | G5: 1 | H5: 1 | I5: 1 | J5: 1 | K5: 1 | L5: 1 | M5: 1 | N5: 1 | O5: 1 | P5: =SUM(C5:O5) -> 13 | Q5: =P5/13 -> 1 | R5: =IFERROR(SUMPRODUCT(Calc!B5:N5,C5:O5)/P5,0) -> 79.62 | S5: =Scoring!U5 -> 79.62 | T5: Diagnostic only; never an eligibility rule.
A6: C4-005 | B6: Archipelago Commons | C6: 1 | D6: 1 | E6: 1 | F6: 1 | G6: 1 | H6: 1 | I6: 1 | J6: 0 | K6: 1 | L6: 0 | M6: 1 | N6: 1 | O6: 1 | P6: =SUM(C6:O6) -> 11 | Q6: =P6/13 -> 0.84615385 | R6: =IFERROR(SUMPRODUCT(Calc!B6:N6,C6:O6)/P6,0) -> 47.339091 | S6: =Scoring!U6 -> 40.056154 | T6: Diagnostic only; never an eligibility rule.
A7: C4-006 | B7: Archival Resource Key | C7: 1 | D7: 1 | E7: 1 | F7: 1 | G7: 1 | H7: 1 | I7: 1 | J7: 0 | K7: 0 | L7: 0 | M7: 0 | N7: 0 | O7: 0 | P7: =SUM(C7:O7) -> 7 | Q7: =P7/13 -> 0.53846154 | R7: =IFERROR(SUMPRODUCT(Calc!B7:N7,C7:O7)/P7,0) -> 43.615714 | S7: =Scoring!U7 -> 23.485385 | T7: Diagnostic only; never an eligibility rule.
A8: C4-007 | B8: Archivematica | C8: 1 | D8: 1 | E8: 1 | F8: 1 | G8: 1 | H8: 1 | I8: 1 | J8: 1 | K8: 1 | L8: 1 | M8: 1 | N8: 1 | O8: 1 | P8: =SUM(C8:O8) -> 13 | Q8: =P8/13 -> 1 | R8: =IFERROR(SUMPRODUCT(Calc!B8:N8,C8:O8)/P8,0) -> 61.393846 | S8: =Scoring!U8 -> 61.393846 | T8: Diagnostic only; never an eligibility rule.
A9: C4-008 | B9: ArchivesSpace | C9: 1 | D9: 1 | E9: 1 | F9: 1 | G9: 1 | H9: 1 | I9: 1 | J9: 1 | K9: 1 | L9: 1 | M9: 1 | N9: 1 | O9: 1 | P9: =SUM(C9:O9) -> 13 | Q9: =P9/13 -> 1 | R9: =IFERROR(SUMPRODUCT(Calc!B9:N9,C9:O9)/P9,0) -> 81 | S9: =Scoring!U9 -> 81 | T9: Diagnostic only; never an eligibility rule.
A10: C4-009 | B10: ARGOS | C10: 1 | D10: 1 | E10: 1 | F10: 1 | G10: 1 | H10: 1 | I10: 1 | J10: 0 | K10: 0 | L10: 0 | M10: 0 | N10: 1 | O10: 1 | P10: =SUM(C10:O10) -> 9 | Q10: =P10/13 -> 0.69230769 | R10: =IFERROR(SUMPRODUCT(Calc!B10:N10,C10:O10)/P10,0) -> 21.98 | S10: =Scoring!U10 -> 15.216923 | T10: Diagnostic only; never an eligibility rule.
A11: C4-010 | B11: arXiv | C11: 1 | D11: 1 | E11: 1 | F11: 1 | G11: 1 | H11: 1 | I11: 1 | J11: 0 | K11: 1 | L11: 0 | M11: 1 | N11: 1 | O11: 1 | P11: =SUM(C11:O11) -> 11 | Q11: =P11/13 -> 0.84615385 | R11: =IFERROR(SUMPRODUCT(Calc!B11:N11,C11:O11)/P11,0) -> 67.729091 | S11: =Scoring!U11 -> 57.309231 | T11: Diagnostic only; never an eligibility rule.
A12: C4-011 | B12: AtoM | C12: 1 | D12: 1 | E12: 1 | F12: 1 | G12: 1 | H12: 1 | I12: 1 | J12: 1 | K12: 1 | L12: 1 | M12: 1 | N12: 1 | O12: 1 | P12: =SUM(C12:O12) -> 13 | Q12: =P12/13 -> 1 | R12: =IFERROR(SUMPRODUCT(Calc!B12:N12,C12:O12)/P12,0) -> 69.098462 | S12: =Scoring!U12 -> 69.098462 | T12: Diagnostic only; never an eligibility rule.
A13: C4-012 | B13: Avalon Media System | C13: 1 | D13: 1 | E13: 1 | F13: 1 | G13: 1 | H13: 1 | I13: 1 | J13: 1 | K13: 1 | L13: 1 | M13: 1 | N13: 1 | O13: 1 | P13: =SUM(C13:O13) -> 13 | Q13: =P13/13 -> 1 | R13: =IFERROR(SUMPRODUCT(Calc!B13:N13,C13:O13)/P13,0) -> 63.426923 | S13: =Scoring!U13 -> 63.426923 | T13: Diagnostic only; never an eligibility rule.
... A113: C4-112 | B113: Zotero | C113: 1 | D113: 1 | E113: 1 | F113: 1 | G113: 1 | H113: 1 | I113: 1 | J113: 1 | K113: 1 | L113: 1 | M113: 1 | N113: 1 | O113: 1 | P113: =SUM(C113:O113) -> 13 | Q113: =P113/13 -> 1 | R113: =IFERROR(SUMPRODUCT(Calc!B113:N113,C113:O113)/P113,0) -> 84.213846 | S113: =Scoring!U113 -> 84.213846 | T113: Diagnostic only; never an eligibility rule.

Sheet Verification
A1: OISI ID | B1: Infrastructure | C1: Scored in register | D1: Classification | E1: Decision | F1: Host | G1: Primary repo(s) | H1: Issue tracker | I1: Git status | J1: GitHub/API status | K1: Manual m8/m10 populated | L1: Available metrics | M1: Observed coverage | N1: Data-quality notes | O1: Reviewer status | P1: Reviewer notes
A2: C4-001 | B2: 2i2c | C2: yes | D2: software | E2: Ready | F2: github | G2: 2i2c-org/infrastructure | H2: GitHub (same repo) | I2: complete | J2: complete | K2: No | L2: 13 | M2: 1 | N2: No missing metric inputs flagged by pipeline availability checks
A3: C4-002 | B3: Academic Preservation Trust (APTrust) | C3: yes | D3: software | E3: Ready | F3: github | G3: APTrust/registry | H3: GitHub (same repo) | I3: complete | J3: complete | K3: No | L3: 13 | M3: 1 | N3: No missing metric inputs flagged by pipeline availability checks
A4: C4-003 | B4: AfricArXiv | C4: no | D4: not-assessable | E4: Not assessable | K4: No | L4: 0 | M4: 0 | N4: Repository register marks entry not assessable/excluded; zero-filled score is not evidence of inactivity; Git extraction incomplete or unavailable; GitHub/API extraction incomplete or no GitHub source; m8_issue_response unavailable; scored 0; m9_pr_response unavailable; scored 0; m10_issue_close90 unavailable; scored 0; m11_pr_decision30 unavailable; scored 0; GitHub adoption fields unavailable where no supported GitHub source exists; scored 0
A5: C4-004 | B5: Arches Heritage Data Management Platform | C5: yes | D5: software | E5: Ready | F5: github | G5: archesproject/arches | H5: GitHub (same repo) | I5: complete | J5: complete | K5: No | L5: 13 | M5: 1 | N5: No missing metric inputs flagged by pipeline availability checks
A6: C4-005 | B6: Archipelago Commons | C6: yes | D6: software | E6: Org URL -> core module set | F6: github | G6: esmero/strawberryfield;esmero/format_strawberryfield;esmero/webform_strawberryfield;esmero/strawberry_runners;esmero/ami;esmero/archipelago-deployment | H6: GitHub: esmero/archipelago-deployment (85 open) | I6: complete | J6: complete | K6: No | L6: 11 | M6: 0.84615385 | N6: m8_issue_response below minimum eligible sample (n=8); scored 0; m10_issue_close90 below minimum eligible sample (n=6); scored 0
A7: C4-006 | B7: Archival Resource Key | C7: yes | D7: standard | E7: Resolved URL -> scoreable standard repo | F7: github | G7: arks-org/arks.github.io | H7: GitHub (same repo) | I7: complete | K7: No | L7: 7 | M7: 0.53846154 | N7: GitHub/API extraction incomplete or no GitHub source; m8_issue_response unavailable; scored 0; m9_pr_response unavailable; scored 0; m10_issue_close90 unavailable; scored 0; m11_pr_decision30 unavailable; scored 0; GitHub adoption fields unavailable where no supported GitHub source exists; scored 0
A8: C4-007 | B8: Archivematica | C8: yes | D8: software | E8: Ready | F8: github | G8: artefactual/archivematica | H8: GitHub: archivematica/Issues | I8: complete | J8: complete | K8: No | L8: 13 | M8: 1 | N8: No missing metric inputs flagged by pipeline availability checks
A9: C4-008 | B9: ArchivesSpace | C9: yes | D9: software | E9: Ready | F9: github | G9: archivesspace/archivesspace | H9: GitHub (same repo); also development.archivesspace.org | I9: complete | J9: complete | K9: No | L9: 13 | M9: 1 | N9: No missing metric inputs flagged by pipeline availability checks
A10: C4-009 | B10: ARGOS | C10: yes | D10: software | E10: Keep (flag) | F10: github | G10: OpenCDMP/OpenCDMP | H10: GitHub (same repo, 3 open) | I10: complete | J10: complete | K10: No | L10: 9 | M10: 0.69230769 | N10: m8_issue_response below minimum eligible sample (n=2); scored 0; m9_pr_response below minimum eligible sample (n=2); scored 0; m10_issue_close90 below minimum eligible sample (n=2); scored 0; m11_pr_decision30 below minimum eligible sample (n=2); scored 0
A11: C4-010 | B11: arXiv | C11: yes | D11: software | E11: Org URL -> primary repo | F11: github | G11: arXiv/arxiv-browse | H11: GitHub (same repo) | I11: complete | J11: complete | K11: No | L11: 11 | M11: 0.84615385 | N11: m8_issue_response below minimum eligible sample (n=5); scored 0; m10_issue_close90 below minimum eligible sample (n=5); scored 0
A12: C4-011 | B12: AtoM | C12: yes | D12: software | E12: Ready | F12: github | G12: artefactual/atom | H12: GitHub (same repo) | I12: complete | J12: complete | K12: No | L12: 13 | M12: 1 | N12: No missing metric inputs flagged by pipeline availability checks
A13: C4-012 | B13: Avalon Media System | C13: yes | D13: software | E13: Ready | F13: github | G13: avalonmediasystem/avalon | H13: GitHub (same repo) | I13: complete | J13: complete | K13: No | L13: 13 | M13: 1 | N13: No missing metric inputs flagged by pipeline availability checks
A14: C4-013 | B14: Biodiversity Heritage Library | C14: yes | D14: software | E14: Ready | F14: github | G14: gbhl/bhl-us | H14: Internal tracker (Gemini) - not public | I14: complete | J14: complete | K14: No | L14: 9 | M14: 0.69230769 | N14: m8_issue_response unavailable; scored 0; m9_pr_response below minimum eligible sample (n=0); scored 0; m10_issue_close90 unavailable; scored 0; m11_pr_decision30 below minimum eligible sample (n=0); scored 0
A15: C4-014 | B15: bioRxiv | C15: no | D15: not-assessable | E15: Not assessable | K15: No | L15: 0 | M15: 0 | N15: Repository register marks entry not assessable/excluded; zero-filled score is not evidence of inactivity; Git extraction incomplete or unavailable; GitHub/API extraction incomplete or no GitHub source; m8_issue_response unavailable; scored 0; m9_pr_response unavailable; scored 0; m10_issue_close90 unavailable; scored 0; m11_pr_decision30 unavailable; scored 0; GitHub adoption fields unavailable where no supported GitHub source exists; scored 0
A16: C4-015 | B16: BitCurator Environment | C16: yes | D16: software | E16: Ready | F16: github | G16: bitcurator/bitcurator-salt | H16: NONE on this repo; BitCurator uses bitcurator-distro / Google group | I16: complete | J16: complete | K16: No | L16: 9 | M16: 0.69230769 | N16: m8_issue_response unavailable; scored 0; m9_pr_response below minimum eligible sample (n=1); scored 0; m10_issue_close90 unavailable; scored 0; m11_pr_decision30 below minimum eligible sample (n=1); scored 0
A17: C4-016 | B17: Blacklight | C17: yes | D17: software | E17: Org URL -> primary repo | F17: github | G17: projectblacklight/blacklight | H17: GitHub (same repo) | I17: complete | J17: complete | K17: No | L17: 13 | M17: 1 | N17: No missing metric inputs flagged by pipeline availability checks
A18: C4-017 | B18: BrCRIS | C18: yes | D18: software | E18: Resolved URL | F18: github | G18: brcris-ibict/brcris-interface-busca | H18: GitHub (same repo) | I18: complete | K18: No | L18: 7 | M18: 0.53846154 | N18: GitHub/API extraction incomplete or no GitHub source; m8_issue_response unavailable; scored 0; m9_pr_response unavailable; scored 0; m10_issue_close90 unavailable; scored 0; m11_pr_decision30 unavailable; scored 0; GitHub adoption fields unavailable where no supported GitHub source exists; scored 0
A19: C4-018 | B19: Browsertrix | C19: yes | D19: software | E19: Ready | F19: github | G19: webrecorder/browsertrix | H19: GitHub (same repo) | I19: complete | J19: complete | K19: No | L19: 13 | M19: 1 | N19: No missing metric inputs flagged by pipeline availability checks
A20: C4-019 | B20: CLOCKSS | C20: yes | D20: software | E20: Org URL -> primary repo | F20: github | G20: lockss/lockss-daemon | H20: GitHub (2 open) - likely internal tracker | I20: complete | J20: complete | K20: No | L20: 9 | M20: 0.69230769 | N20: m8_issue_response below minimum eligible sample (n=0); scored 0; m9_pr_response below minimum eligible sample (n=1); scored 0; m10_issue_close90 below minimum eligible sample (n=0); scored 0; m11_pr_decision30 below minimum eligible sample (n=1); scored 0
A21: C4-020 | B21: COAR International Repository Directory (IRD) | C21: yes | D21: software | E21: Ready | F21: github | G21: antleaf/IRD | H21: GitHub (same repo) | I21: complete | J21: complete | K21: No | L21: 11 | M21: 0.84615385 | N21: m9_pr_response below minimum eligible sample (n=6); scored 0; m11_pr_decision30 below minimum eligible sample (n=6); scored 0
A22: C4-021 | B22: COAR Notify | C22: yes | D22: software | E22: Ready | F22: github | G22: coar-notify/coar-notify.net | H22: GitHub (same repo) | I22: complete | J22: complete | K22: No | L22: 9 | M22: 0.69230769 | N22: m8_issue_response below minimum eligible sample (n=3); scored 0; m9_pr_response below minimum eligible sample (n=3); scored 0; m10_issue_close90 below minimum eligible sample (n=3); scored 0; m11_pr_decision30 below minimum eligible sample (n=3); scored 0
A23: C4-022 | B23: CollectiveAccess | C23: yes | D23: software | E23: Org URL -> primary repo | F23: github | G23: collectiveaccess/providence | H23: GitHub (same repo) | I23: complete | J23: complete | K23: No | L23: 13 | M23: 1 | N23: No missing metric inputs flagged by pipeline availability checks
A24: C4-023 | B24: CORE | C24: yes | D24: software | E24: Resolved URL | F24: github | G24: oacore/dashboard | H24: GitHub (same repo) | I24: complete | K24: No | L24: 7 | M24: 0.53846154 | N24: GitHub/API extraction incomplete or no GitHub source; m8_issue_response unavailable; scored 0; m9_pr_response unavailable; scored 0; m10_issue_close90 unavailable; scored 0; m11_pr_decision30 unavailable; scored 0; GitHub adoption fields unavailable where no supported GitHub source exists; scored 0
A25: C4-024 | B25: COUNTER Code of Practice | C25: yes | D25: standard | E25: Resolved URL -> scoreable standard repo | F25: github | G25: Project-Counter/cop5 | H25: GitHub (same repo) | I25: complete | K25: No | L25: 7 | M25: 0.53846154 | N25: GitHub/API extraction incomplete or no GitHub source; m8_issue_response unavailable; scored 0; m9_pr_response unavailable; scored 0; m10_issue_close90 unavailable; scored 0; m11_pr_decision30 unavailable; scored 0; GitHub adoption fields unavailable where no supported GitHub source exists; scored 0
A26: C4-025 | B26: Creative Commons Licenses | C26: yes | D26: software | E26: Org URL -> primary repo | F26: github | G26: creativecommons/cc-legal-tools-app | H26: GitHub (same repo) | I26: complete | J26: complete | K26: No | L26: 13 | M26: 1 | N26: No missing metric inputs flagged by pipeline availability checks
A27: C4-026 | B27: Crossref Metadata Retrieval | C27: yes | D27: software | E27: Non-GitHub (verify repo) | F27: gitlab | G27: https://gitlab.com/crossref/rest_api | H27: GitLab (same project) | I27: complete | J27: no GitHub source | K27: No | L27: 7 | M27: 0.53846154 | N27: GitHub/API extraction incomplete or no GitHub source; m8_issue_response unavailable; scored 0; m9_pr_response unavailable; scored 0; m10_issue_close90 unavailable; scored 0; m11_pr_decision30 unavailable; scored 0; GitHub adoption fields unavailable where no supported GitHub source exists; scored 0
A28: C4-027 | B28: D4Science Infrastructure | C28: no | D28: needs-decision | E28: Non-GitHub: choose repo | F28: gitea | K28: No | L28: 0 | M28: 0 | N28: Repository register marks entry not assessable/excluded; zero-filled score is not evidence of inactivity; Git extraction incomplete or unavailable; GitHub/API extraction incomplete or no GitHub source; m8_issue_response unavailable; scored 0; m9_pr_response unavailable; scored 0; m10_issue_close90 unavailable; scored 0; m11_pr_decision30 unavailable; scored 0; GitHub adoption fields unavailable where no supported GitHub source exists; scored 0
A29: C4-028 | B29: DART (Digital Archivist's Resource Tool) | C29: yes | D29: software | E29: Ready | F29: github | G29: aptrust/dart | H29: GitHub (same repo) | I29: complete | J29: complete | K29: No | L29: 11 | M29: 0.84615385 | N29: m9_pr_response below minimum eligible sample (n=6); scored 0; m11_pr_decision30 below minimum eligible sample (n=5); scored 0
A30: C4-029 | B30: Database Information System | C30: yes | D30: software | E30: Keep (dormant/new) | F30: github | G30: ub-regensburg/dbis | H30: GitHub (0 open) | I30: complete | J30: complete | K30: No | L30: 9 | M30: 0.69230769 | N30: m8_issue_response below minimum eligible sample (n=0); scored 0; m9_pr_response below minimum eligible sample (n=0); scored 0; m10_issue_close90 below minimum eligible sample (n=0); scored 0; m11_pr_decision30 below minimum eligible sample (n=0); scored 0
A31: C4-030 | B31: Data Citation Corpus | C31: yes | D31: software | E31: Keep | F31: github | G31: Make-Data-Count-Community/corpus-data-file | H31: GitHub (same repo) | I31: complete | J31: complete | K31: No | L31: 9 | M31: 0.69230769 | N31: m8_issue_response below minimum eligible sample (n=0); scored 0; m9_pr_response below minimum eligible sample (n=0); scored 0; m10_issue_close90 below minimum eligible sample (n=0); scored 0; m11_pr_decision30 below minimum eligible sample (n=0); scored 0
A32: C4-031 | B32: DataCite | C32: yes | D32: software | E32: Org URL -> primary repo | F32: github | G32: datacite/lupo | H32: GitHub (same repo); org-level datacite/datacite repo idle since 2024 | I32: complete | J32: complete | K32: No | L32: 13 | M32: 1 | N32: No missing metric inputs flagged by pipeline availability checks
A33: C4-032 | B33: Data Stewardship Wizard | C33: yes | D33: software | E33: Org URL -> product set | F33: github | G33: ds-wizard/engine-backend;ds-wizard/engine-frontend | H33: GitHub: ds-wizard/ds-wizard (bug reports); ideas.ds-wizard.org for features | I33: complete | J33: complete | K33: No | L33: 12 | M33: 0.92307692 | N33: m10_issue_close90 below minimum eligible sample (n=8); scored 0
A34: C4-033 | B34: Dataverse | C34: yes | D34: software | E34: Ready | F34: github | G34: IQSS/dataverse | H34: GitHub (same repo) | I34: complete | J34: complete | K34: No | L34: 13 | M34: 1 | N34: No missing metric inputs flagged by pipeline availability checks
A35: C4-034 | B35: DLCM Backend | C35: yes | D35: software | E35: Non-GitHub | F35: gitlab | G35: https://gitlab.unige.ch/dlcm/community/dlcm-backend | H35: GitLab (same project) | I35: complete | J35: no GitHub source | K35: No | L35: 7 | M35: 0.53846154 | N35: GitHub/API extraction incomplete or no GitHub source; m8_issue_response unavailable; scored 0; m9_pr_response unavailable; scored 0; m10_issue_close90 unavailable; scored 0; m11_pr_decision30 unavailable; scored 0; GitHub adoption fields unavailable where no supported GitHub source exists; scored 0
A36: C4-035 | B36: DLCM Portal | C36: yes | D36: software | E36: Non-GitHub | F36: gitlab | G36: https://gitlab.unige.ch/dlcm/ui/dlcm-portal | H36: GitLab (same project) | I36: complete | J36: no GitHub source | K36: No | L36: 7 | M36: 0.53846154 | N36: GitHub/API extraction incomplete or no GitHub source; m8_issue_response unavailable; scored 0; m9_pr_response unavailable; scored 0; m10_issue_close90 unavailable; scored 0; m11_pr_decision30 unavailable; scored 0; GitHub adoption fields unavailable where no supported GitHub source exists; scored 0
A37: C4-036 | B37: DMP Tool | C37: yes | D37: software | E37: Replace URL (verify) | F37: github | G37: CDLUC3/dmsp_frontend_prototype;CDLUC3/dmsp_backend_prototype | H37: GitHub (frontend repo; backend issues filed there too) | I37: complete | J37: complete | K37: No | L37: 13 | M37: 1 | N37: No missing metric inputs flagged by pipeline availability checks
A38: C4-037 | B38: DOAJ (Directory of Open Access Journals) | C38: yes | D38: software | E38: Org URL -> primary repo | F38: github | G38: DOAJ/doaj | H38: GitHub, barely used (1 open) - verify internal tracker | I38: complete | J38: complete | K38: No | L38: 11 | M38: 0.84615385 | N38: m8_issue_response below minimum eligible sample (n=8); scored 0; m10_issue_close90 below minimum eligible sample (n=8); scored 0
A39: C4-038 | B39: dokieli | C39: yes | D39: software | E39: Ready | F39: github | G39: linkeddata/dokieli | H39: GitHub (same repo) | I39: complete | J39: complete | K39: No | L39: 13 | M39: 1 | N39: No missing metric inputs flagged by pipeline availability checks
A40: C4-039 | B40: Dryad | C40: yes | D40: software | E40: Replace URL | F40: github | G40: datadryad/dryad-app | H40: GitHub Issues show 0 open - verify where Dryad tracks issues | I40: complete | J40: complete | K40: No | L40: 11 | M40: 0.84615385 | N40: m8_issue_response below minimum eligible sample (n=0); scored 0; m10_issue_close90 below minimum eligible sample (n=0); scored 0
... A45: C4-044 | B45: Érudit | C45: yes | D45: software | E45: Replace URL (GitLab) | F45: gitlab | G45: https://gitlab.erudit.org/erudit/portail/eruditorg | H45: GitLab (gitlab.erudit.org) - GitHub copy is a mirror | I45: failed: Command '['git', '-C', 'clones\\gitlab.erudit.org_erudit_portail_eruditorg.git', 'symbolic-ref', 'HEAD']' returned non-z | J45: no GitHub source | K45: No | L45: 0 | M45: 0 | N45: Git extraction incomplete or unavailable; GitHub/API extraction incomplete or no GitHub source; m8_issue_response unavailable; scored 0; m9_pr_response unavailable; scored 0; m10_issue_close90 unavailable; scored 0; m11_pr_decision30 unavailable; scored 0; GitHub adoption fields unavailable where no supported GitHub source exists; scored 0
A46: C4-045 | B46: Europe PMC | C46: no | D46: not-assessable | E46: Not assessable (verify) | K46: No | L46: 0 | M46: 0 | N46: Repository register marks entry not assessable/excluded; zero-filled score is not evidence of inactivity; Git extraction incomplete or unavailable; GitHub/API extraction incomplete or no GitHub source; m8_issue_response unavailable; scored 0; m9_pr_response unavailable; scored 0; m10_issue_close90 unavailable; scored 0; m11_pr_decision30 unavailable; scored 0; GitHub adoption fields unavailable where no supported GitHub source exists; scored 0
A47: C4-046 | B47: FAIR Wizard | C47: yes | D47: software | E47: Resolved URL | F47: github | G47: fair-wizard/fair-wizard-integration-sdk | H47: GitHub (same repo) | I47: complete | K47: No | L47: 7 | M47: 0.53846154 | N47: GitHub/API extraction incomplete or no GitHub source; m8_issue_response unavailable; scored 0; m9_pr_response unavailable; scored 0; m10_issue_close90 unavailable; scored 0; m11_pr_decision30 unavailable; scored 0; GitHub adoption fields unavailable where no supported GitHub source exists; scored 0
A48: C4-047 | B48: Fedora | C48: yes | D48: software | E48: Ready | F48: github | G48: fcrepo/fcrepo | H48: GitHub (5 open) - Fedora historically used Jira; verify | I48: complete | J48: complete | K48: No | L48: 11 | M48: 0.84615385 | N48: m8_issue_response below minimum eligible sample (n=8); scored 0; m10_issue_close90 below minimum eligible sample (n=7); scored 0
A49: C4-048 | B49: fido | C49: yes | D49: software | E49: Ready | F49: github | G49: openpreserve/fido | H49: GitHub (same repo) | I49: complete | J49: complete | K49: No | L49: 9 | M49: 0.69230769 | N49: m8_issue_response below minimum eligible sample (n=3); scored 0; m9_pr_response below minimum eligible sample (n=4); scored 0; m10_issue_close90 below minimum eligible sample (n=3); scored 0; m11_pr_decision30 below minimum eligible sample (n=0); scored 0
A50: C4-049 | B50: Fulcrum | C50: yes | D50: software | E50: Ready | F50: github | G50: mlibrary/heliotrope | H50: Jira (tools.lib.umich.edu/jira/projects/HELIO) + GitHub | I50: complete | J50: complete | K50: No | L50: 11 | M50: 0.84615385 | N50: m8_issue_response below minimum eligible sample (n=0); scored 0; m10_issue_close90 below minimum eligible sample (n=0); scored 0
A51: C4-050 | B51: Galaxy | C51: yes | D51: software | E51: Ready | F51: github | G51: galaxyproject/galaxy | H51: GitHub (same repo) | I51: complete | J51: complete | K51: No | L51: 13 | M51: 1 | N51: No missing metric inputs flagged by pipeline availability checks
A52: C4-051 | B52: GeoServer | C52: yes | D52: software | E52: Ready | F52: github | G52: geoserver/geoserver | H52: Jira (osgeo-org.atlassian.net/projects/GEOS) | I52: complete | J52: complete | K52: No | L52: 11 | M52: 0.84615385 | N52: m8_issue_response unavailable; scored 0; m10_issue_close90 unavailable; scored 0
A53: C4-052 | B53: Hyku | C53: yes | D53: software | E53: Ready | F53: github | G53: samvera/hyku | H53: GitHub (same repo) | I53: complete | J53: complete | K53: No | L53: 13 | M53: 1 | N53: No missing metric inputs flagged by pipeline availability checks
A54: C4-053 | B54: Hyrax | C54: yes | D54: software | E54: Ready | F54: github | G54: samvera/hyrax | H54: GitHub (same repo) | I54: complete | J54: complete | K54: No | L54: 13 | M54: 1 | N54: No missing metric inputs flagged by pipeline availability checks
A55: C4-054 | B55: IIIF | C55: no | D55: standard | E55: Exclude: standard | K55: No | L55: 0 | M55: 0 | N55: Repository register marks entry not assessable/excluded; zero-filled score is not evidence of inactivity; Git extraction incomplete or unavailable; GitHub/API extraction incomplete or no GitHub source; m8_issue_response unavailable; scored 0; m9_pr_response unavailable; scored 0; m10_issue_close90 unavailable; scored 0; m11_pr_decision30 unavailable; scored 0; GitHub adoption fields unavailable where no supported GitHub source exists; scored 0
A56: C4-055 | B56: ImpactU | C56: yes | D56: software | E56: Ready | F56: github | G56: colav/impactu | H56: GitHub (same repo) | I56: complete | J56: complete | K56: No | L56: 11 | M56: 0.84615385 | N56: m9_pr_response below minimum eligible sample (n=1); scored 0; m11_pr_decision30 below minimum eligible sample (n=1); scored 0
A57: C4-056 | B57: International Generic Sample Number (IGSN) | C57: no | D57: standard | E57: Exclude: standard | K57: No | L57: 0 | M57: 0 | N57: Repository register marks entry not assessable/excluded; zero-filled score is not evidence of inactivity; Git extraction incomplete or unavailable; GitHub/API extraction incomplete or no GitHub source; m8_issue_response unavailable; scored 0; m9_pr_response unavailable; scored 0; m10_issue_close90 unavailable; scored 0; m11_pr_decision30 unavailable; scored 0; GitHub adoption fields unavailable where no supported GitHub source exists; scored 0
A58: C4-057 | B58: InvenioRDM | C58: yes | D58: software | E58: Ready | F58: github | G58: inveniosoftware/invenio-app-rdm | H58: GitHub (same repo) | I58: complete | J58: complete | K58: No | L58: 13 | M58: 1 | N58: No missing metric inputs flagged by pipeline availability checks
A59: C4-058 | B59: iRODS | C59: yes | D59: software | E59: Ready | F59: github | G59: irods/irods | H59: GitHub (same repo) | I59: complete | J59: complete | K59: No | L59: 13 | M59: 1 | N59: No missing metric inputs flagged by pipeline availability checks
A60: C4-059 | B60: Islandora | C60: yes | D60: software | E60: Ready | F60: github | G60: Islandora/islandora | H60: GitHub: Islandora/documentation (central issue queue) | I60: complete | J60: complete | K60: No | L60: 12 | M60: 0.92307692 | N60: m10_issue_close90 below minimum eligible sample (n=7); scored 0
A61: C4-060 | B61: Janeway | C61: yes | D61: software | E61: Ready | F61: github | G61: openlibhums/janeway | H61: GitHub (same repo) | I61: complete | J61: complete | K61: No | L61: 13 | M61: 1 | N61: No missing metric inputs flagged by pipeline availability checks
A62: C4-061 | B62: JHOVE | C62: yes | D62: software | E62: Ready | F62: github | G62: openpreserve/jhove | H62: GitHub (same repo) | I62: complete | J62: complete | K62: No | L62: 11 | M62: 0.84615385 | N62: m9_pr_response below minimum eligible sample (n=8); scored 0; m11_pr_decision30 below minimum eligible sample (n=7); scored 0
A63: C4-062 | B63: LA Referencia | C63: yes | D63: software | E63: Ready | F63: github | G63: lareferencia/lareferencia-platform | H63: GitHub (same repo) | I63: complete | J63: complete | K63: No | L63: 11 | M63: 0.84615385 | N63: m9_pr_response below minimum eligible sample (n=4); scored 0; m11_pr_decision30 below minimum eligible sample (n=4); scored 0
A64: C4-063 | B64: Manifold | C64: yes | D64: software | E64: Ready | F64: github | G64: ManifoldScholar/manifold | H64: GitHub (same repo) | I64: complete | J64: complete | K64: No | L64: 11 | M64: 0.84615385 | N64: m8_issue_response below minimum eligible sample (n=9); scored 0; m10_issue_close90 below minimum eligible sample (n=7); scored 0
A65: C4-064 | B65: medRxiv | C65: no | D65: not-assessable | E65: Not assessable | K65: No | L65: 0 | M65: 0 | N65: Repository register marks entry not assessable/excluded; zero-filled score is not evidence of inactivity; Git extraction incomplete or unavailable; GitHub/API extraction incomplete or no GitHub source; m8_issue_response unavailable; scored 0; m9_pr_response unavailable; scored 0; m10_issue_close90 unavailable; scored 0; m11_pr_decision30 unavailable; scored 0; GitHub adoption fields unavailable where no supported GitHub source exists; scored 0
A66: C4-065 | B66: Metadata Encoding and Transmission Standard (METS) | C66: yes | D66: standard | E66: Resolved URL -> scoreable standard repo | F66: github | G66: mets/METS-schema | H66: GitHub (same repo) | I66: complete | K66: No | L66: 7 | M66: 0.53846154 | N66: GitHub/API extraction incomplete or no GitHub source; m8_issue_response unavailable; scored 0; m9_pr_response unavailable; scored 0; m10_issue_close90 unavailable; scored 0; m11_pr_decision30 unavailable; scored 0; GitHub adoption fields unavailable where no supported GitHub source exists; scored 0
A67: C4-066 | B67: Mirador | C67: yes | D67: software | E67: Ready | F67: github | G67: projectmirador/mirador | H67: GitHub (same repo) | I67: complete | J67: complete | K67: No | L67: 13 | M67: 1 | N67: No missing metric inputs flagged by pipeline availability checks
A68: C4-067 | B68: Mukurtu CMS | C68: yes | D68: software | E68: Ready | F68: github | G68: MukurtuCMS/mukurtucms | H68: GitHub (same repo) | I68: complete | J68: complete | K68: No | L68: 9 | M68: 0.69230769 | N68: m8_issue_response below minimum eligible sample (n=1); scored 0; m9_pr_response below minimum eligible sample (n=1); scored 0; m10_issue_close90 below minimum eligible sample (n=0); scored 0; m11_pr_decision30 below minimum eligible sample (n=1); scored 0
A69: C4-068 | B69: MyCoRe | C69: yes | D69: software | E69: Ready | F69: github | G69: MyCoRe-Org/mycore | H69: NONE on GitHub (no Issues tab) - external tracker not found | I69: complete | J69: complete | K69: No | L69: 11 | M69: 0.84615385 | N69: m8_issue_response unavailable; scored 0; m10_issue_close90 unavailable; scored 0
A70: C4-069 | B70: NumPy | C70: yes | D70: software | E70: Ready | F70: github | G70: numpy/numpy | H70: GitHub (same repo) | I70: complete | J70: complete | K70: No | L70: 13 | M70: 1 | N70: No missing metric inputs flagged by pipeline availability checks
A71: C4-070 | B71: OA.Report | C71: yes | D71: software | E71: Ready | F71: github | G71: oaworks/oa-report | H71: NONE (Issues and PRs disabled) | I71: complete | J71: complete | K71: No | L71: 11 | M71: 0.84615385 | N71: m8_issue_response unavailable; scored 0; m10_issue_close90 unavailable; scored 0
A72: C4-071 | B72: OA Switchboard | C72: yes | D72: software | E72: Non-GitHub | F72: bitbucket | G72: https://bitbucket.org/oaswitchboard/api | H72: Bitbucket (verify issues enabled) | I72: complete | J72: no GitHub source | K72: No | L72: 7 | M72: 0.53846154 | N72: GitHub/API extraction incomplete or no GitHub source; m8_issue_response unavailable; scored 0; m9_pr_response unavailable; scored 0; m10_issue_close90 unavailable; scored 0; m11_pr_decision30 unavailable; scored 0; GitHub adoption fields unavailable where no supported GitHub source exists; scored 0
A73: C4-072 | B73: Omeka | C73: yes | D73: software | E73: Replace URL (Omeka S) | F73: github | G73: omeka/omeka-s | H73: GitHub (same repo); Omeka forums | I73: complete | J73: complete | K73: No | L73: 13 | M73: 1 | N73: No missing metric inputs flagged by pipeline availability checks
A74: C4-073 | B74: OpenAIRE Graph | C74: yes | D74: software | E74: Non-GitHub | F74: gitea | G74: https://code-repo.d4science.org/D-Net/dnet-hadoop | H74: Gitea (same repo) | I74: complete | J74: no GitHub source | K74: No | L74: 7 | M74: 0.53846154 | N74: GitHub/API extraction incomplete or no GitHub source; m8_issue_response unavailable; scored 0; m9_pr_response unavailable; scored 0; m10_issue_close90 unavailable; scored 0; m11_pr_decision30 unavailable; scored 0; GitHub adoption fields unavailable where no supported GitHub source exists; scored 0
A75: C4-074 | B75: OpenAlex | C75: yes | D75: software | E75: Replace URL -> product set | F75: github | G75: ourresearch/openalex-walden;ourresearch/openalex-elastic-api | H75: NONE on GitHub (elastic-api has no Issues tab); support via OpenAlex help desk | I75: complete | J75: complete | K75: No | L75: 11 | M75: 0.84615385 | N75: m8_issue_response unavailable; scored 0; m10_issue_close90 unavailable; scored 0
A76: C4-075 | B76: OpenAPC | C76: yes | D76: software | E76: Ready | F76: github | G76: OpenAPC/openapc-de | H76: GitHub (same repo) | I76: complete | J76: complete | K76: No | L76: 11 | M76: 0.84615385 | N76: m8_issue_response below minimum eligible sample (n=1); scored 0; m10_issue_close90 below minimum eligible sample (n=1); scored 0
A77: C4-076 | B77: OpenCitations | C77: yes | D77: software | E77: Replace URL | F77: github | G77: opencitations/oc_meta | H77: GitHub (same repo) | I77: complete | J77: complete | K77: No | L77: 9 | M77: 0.69230769 | N77: m8_issue_response below minimum eligible sample (n=4); scored 0; m9_pr_response below minimum eligible sample (n=1); scored 0; m10_issue_close90 below minimum eligible sample (n=1); scored 0; m11_pr_decision30 below minimum eligible sample (n=0); scored 0
A78: C4-077 | B78: openCost | C78: yes | D78: software | E78: Fix URL (repo root) | F78: github | G78: opencost-de/opencost | H78: GitHub (same repo) | I78: complete | J78: complete | K78: No | L78: 11 | M78: 0.84615385 | N78: m9_pr_response below minimum eligible sample (n=9); scored 0; m11_pr_decision30 below minimum eligible sample (n=4); scored 0
... A86: C4-085 | B86: OSF (Open Science Framework) | C86: yes | D86: software | E86: Ready | F86: github | G86: CenterForOpenScience/osf.io | H86: GitHub (same repo) | I86: complete | J86: complete | K86: No | L86: 13 | M86: 1 | N86: No missing metric inputs flagged by pipeline availability checks
A87: C4-086 | B87: Oxford Common File Layout | C87: no | D87: standard | E87: Exclude: standard | F87: github | G87: OCFL/spec | K87: No | L87: 0 | M87: 0 | N87: Repository register marks entry not assessable/excluded; zero-filled score is not evidence of inactivity; Git extraction incomplete or unavailable; GitHub/API extraction incomplete or no GitHub source; m8_issue_response unavailable; scored 0; m9_pr_response unavailable; scored 0; m10_issue_close90 unavailable; scored 0; m11_pr_decision30 unavailable; scored 0; GitHub adoption fields unavailable where no supported GitHub source exists; scored 0
A88: C4-087 | B88: Peer Community In | C88: yes | D88: software | E88: Ready | F88: github | G88: pci-dev/pci | H88: NONE (no Issues tab) | I88: complete | J88: complete | K88: No | L88: 11 | M88: 0.84615385 | N88: m8_issue_response unavailable; scored 0; m10_issue_close90 unavailable; scored 0
A89: C4-088 | B89: PKP Preservation Network | C89: yes | D89: software | E89: Ready | F89: github | G89: pkp/pln | H89: GitHub (same repo) | I89: complete | J89: complete | K89: No | L89: 9 | M89: 0.69230769 | N89: m8_issue_response below minimum eligible sample (n=4); scored 0; m9_pr_response below minimum eligible sample (n=9); scored 0; m10_issue_close90 below minimum eligible sample (n=0); scored 0; m11_pr_decision30 below minimum eligible sample (n=7); scored 0
A90: C4-089 | B90: PREreview | C90: yes | D90: software | E90: Ready | F90: github | G90: PREreview/prereview.org | H90: GitHub (same repo) | I90: complete | J90: complete | K90: No | L90: 13 | M90: 1 | N90: No missing metric inputs flagged by pipeline availability checks
A91: C4-090 | B91: Pressbooks | C91: yes | D91: software | E91: Ready | F91: github | G91: pressbooks/pressbooks | H91: GitHub (same repo) | I91: complete | J91: complete | K91: No | L91: 13 | M91: 1 | N91: No missing metric inputs flagged by pipeline availability checks
A92: C4-091 | B92: Public Access Submission System | C92: yes | D92: software | E92: Ready -> umbrella expanded to product set | F92: github | G92: eclipse-pass/main;eclipse-pass/pass-core;eclipse-pass/pass-ui | H92: GitHub (umbrella repo eclipse-pass/main) | I92: complete | J92: complete | K92: No | L92: 13 | M92: 1 | N92: No missing metric inputs flagged by pipeline availability checks
A93: C4-092 | B93: Public Utility Data Liberation (PUDL) | C93: yes | D93: software | E93: Ready | F93: github | G93: catalyst-cooperative/pudl | H93: GitHub (same repo) | I93: complete | J93: complete | K93: No | L93: 13 | M93: 1 | N93: No missing metric inputs flagged by pipeline availability checks
A94: C4-093 | B94: PubPub | C94: yes | D94: software | E94: Replace URL | F94: github | G94: knowledgefutures/pubpub | H94: GitHub: pubpub/pubpub (verify) | I94: complete | J94: complete | K94: No | L94: 11 | M94: 0.84615385 | N94: m8_issue_response below minimum eligible sample (n=9); scored 0; m10_issue_close90 below minimum eligible sample (n=9); scored 0
A95: C4-094 | B95: Pundit | C95: yes | D95: software | E95: Ready | F95: github | G95: net7/pundit-client | H95: GitHub (count not shown) | I95: complete | J95: complete | K95: No | L95: 9 | M95: 0.69230769 | N95: m8_issue_response below minimum eligible sample (n=0); scored 0; m9_pr_response below minimum eligible sample (n=2); scored 0; m10_issue_close90 below minimum eligible sample (n=0); scored 0; m11_pr_decision30 below minimum eligible sample (n=2); scored 0
A96: C4-095 | B96: pyOpenSci | C96: no | D96: not-assessable | E96: Not assessable | K96: No | L96: 0 | M96: 0 | N96: Repository register marks entry not assessable/excluded; zero-filled score is not evidence of inactivity; Git extraction incomplete or unavailable; GitHub/API extraction incomplete or no GitHub source; m8_issue_response unavailable; scored 0; m9_pr_response unavailable; scored 0; m10_issue_close90 unavailable; scored 0; m11_pr_decision30 unavailable; scored 0; GitHub adoption fields unavailable where no supported GitHub source exists; scored 0
A97: C4-096 | B97: Renku | C97: yes | D97: software | E97: Ready -> umbrella expanded to product set | F97: github | G97: SwissDataScienceCenter/renku;SwissDataScienceCenter/renku-data-services;SwissDataScienceCenter/renku-ui | H97: GitHub (umbrella repo renku) | I97: complete | J97: complete | K97: No | L97: 13 | M97: 1 | N97: No missing metric inputs flagged by pipeline availability checks
A98: C4-097 | B98: RePEc | C98: no | D98: not-assessable | E98: Not assessable | K98: No | L98: 0 | M98: 0 | N98: Repository register marks entry not assessable/excluded; zero-filled score is not evidence of inactivity; Git extraction incomplete or unavailable; GitHub/API extraction incomplete or no GitHub source; m8_issue_response unavailable; scored 0; m9_pr_response unavailable; scored 0; m10_issue_close90 unavailable; scored 0; m11_pr_decision30 unavailable; scored 0; GitHub adoption fields unavailable where no supported GitHub source exists; scored 0
A99: C4-098 | B99: Research Organization Registry (ROR) | C99: yes | D99: software | E99: Replace URL | F99: github | G99: ror-community/ror-api | H99: GitHub Issues show 0 open - ROR may track elsewhere; verify | I99: complete | J99: complete | K99: No | L99: 11 | M99: 0.84615385 | N99: m8_issue_response below minimum eligible sample (n=0); scored 0; m10_issue_close90 below minimum eligible sample (n=0); scored 0
A100: C4-099 | B100: Rogue Scholar | C100: yes | D100: software | E100: Ready | F100: github | G100: front-matter/rogue-scholar | H100: GitHub (same repo) | I100: complete | J100: complete | K100: No | L100: 9 | M100: 0.69230769 | N100: m8_issue_response below minimum eligible sample (n=0); scored 0; m9_pr_response below minimum eligible sample (n=1); scored 0; m10_issue_close90 below minimum eligible sample (n=0); scored 0; m11_pr_decision30 below minimum eligible sample (n=0); scored 0
A101: C4-100 | B101: RSpace | C101: yes | D101: software | E101: Ready | F101: github | G101: rspace-os/rspace-web | H101: GitHub (same repo) | I101: complete | J101: complete | K101: No | L101: 13 | M101: 1 | N101: No missing metric inputs flagged by pipeline availability checks
A102: C4-101 | B102: Sciety | C102: yes | D102: software | E102: Ready | F102: github | G102: sciety/sciety | H102: GitHub, barely used (2 open) | I102: complete | J102: complete | K102: No | L102: 11 | M102: 0.84615385 | N102: m9_pr_response below minimum eligible sample (n=5); scored 0; m11_pr_decision30 below minimum eligible sample (n=5); scored 0
A103: C4-102 | B103: Synapse | C103: yes | D103: software | E103: Ready | F103: github | G103: Sage-Bionetworks/Synapse-Repository-Services | H103: Jira (sagebionetworks.jira.com) | I103: complete | J103: complete | K103: No | L103: 11 | M103: 0.84615385 | N103: m8_issue_response unavailable; scored 0; m10_issue_close90 unavailable; scored 0
A104: C4-103 | B104: TagTeam | C104: yes | D104: software | E104: Keep (dormant) | F104: github | G104: berkmancenter/tagteam | H104: GitHub (same repo) | I104: complete | J104: complete | K104: No | L104: 9 | M104: 0.69230769 | N104: m8_issue_response below minimum eligible sample (n=0); scored 0; m9_pr_response below minimum eligible sample (n=0); scored 0; m10_issue_close90 below minimum eligible sample (n=0); scored 0; m11_pr_decision30 below minimum eligible sample (n=0); scored 0
A105: C4-104 | B105: Thoth Open Metadata | C105: yes | D105: software | E105: Ready | F105: github | G105: thoth-pub/thoth | H105: GitHub (same repo) | I105: complete | J105: complete | K105: No | L105: 13 | M105: 1 | N105: No missing metric inputs flagged by pipeline availability checks
A106: C4-105 | B106: Tropy | C106: yes | D106: software | E106: Ready | F106: github | G106: tropy/tropy | H106: GitHub (same repo) | I106: complete | J106: complete | K106: No | L106: 13 | M106: 1 | N106: No missing metric inputs flagged by pipeline availability checks
A107: C4-106 | B107: veraPDF | C107: yes | D107: software | E107: Ready | F107: github | G107: veraPDF/veraPDF-library | H107: GitHub (same repo) | I107: complete | J107: complete | K107: No | L107: 13 | M107: 1 | N107: No missing metric inputs flagged by pipeline availability checks
A108: C4-107 | B108: ViPER | C108: yes | D108: software | E108: Ready | F108: github | G108: openpreserve/ViPER | H108: GitHub (same repo) | I108: complete | J108: complete | K108: No | L108: 9 | M108: 0.69230769 | N108: m8_issue_response below minimum eligible sample (n=2); scored 0; m9_pr_response below minimum eligible sample (n=7); scored 0; m10_issue_close90 below minimum eligible sample (n=1); scored 0; m11_pr_decision30 below minimum eligible sample (n=6); scored 0
A109: C4-108 | B109: Vireo ETD | C109: yes | D109: software | E109: Ready | F109: github | G109: TexasDigitalLibrary/Vireo | H109: GitHub (same repo) | I109: complete | J109: complete | K109: No | L109: 13 | M109: 1 | N109: No missing metric inputs flagged by pipeline availability checks
A110: C4-109 | B110: VIVO | C110: yes | D110: software | E110: Ready -> umbrella expanded to product set | F110: github | G110: vivo-project/VIVO;vivo-project/Vitro | H110: GitHub (VIVO + Vitro) | I110: complete | J110: complete | K110: No | L110: 13 | M110: 1 | N110: No missing metric inputs flagged by pipeline availability checks
... A113: C4-112 | B113: Zotero | C113: yes | D113: software | E113: Ready | F113: github | G113: zotero/zotero | H113: GitHub + Zotero Forums (forums are the main support channel) | I113: complete | J113: complete | K113: No | L113: 13 | M113: 1 | N113: No missing metric inputs flagged by pipeline availability checks

Sheet Calc
A1: OISI ID | B1: m1_commits | C1: m2_active_weeks | D1: m3_recency | E1: m4_releases | F1: m5_contributors | G1: m6_effective_contributors | H1: m7_retention | I1: m8_issue_response | J1: m9_pr_response | K1: m10_issue_close90 | L1: m11_pr_decision30 | M1: m12_stars | N1: m13_forks | O1: Python-checked final score | P1: Available metrics | Q1: Observed coverage | R1: Observed-only mean
A2: C4-001 | B2: 100 | C2: 100 | D2: 100 | E2: 0 | F2: 100 | G2: 76.91 | H2: 100 | I2: 40.74 | J2: 18.67 | K2: 70.53 | L2: 98.64 | M2: 40.13 | N2: 67.94 | O2: 70.273846 | P2: 13 | Q2: 1 | R2: 70.273846
A3: C4-002 | B3: 73.19 | C3: 53.85 | D3: 100 | E3: 0 | F3: 40 | G3: 43.48 | H3: 75 | I3: 0 | J3: 58.33 | K3: 0 | L3: 66.67 | M3: 0 | N3: 0 | O3: 39.270769 | P3: 13 | Q3: 1 | R3: 39.270769
A4: C4-003 | B4: 0 | C4: 0 | D4: 0 | E4: 0 | F4: 0 | G4: 0 | H4: 0 | I4: 0 | J4: 0 | K4: 0 | L4: 0 | M4: 0 | N4: 0 | O4: 0 | P4: 0 | Q4: 0 | R4: 0
A5: C4-004 | B5: 94.95 | C5: 98.08 | D5: 100 | E5: 100 | F5: 95.1 | G5: 92.4 | H5: 100 | I5: 30.3 | J5: 77.46 | K5: 44.44 | L5: 88.67 | M5: 52.27 | N5: 61.39 | O5: 79.62 | P5: 13 | Q5: 1 | R5: 79.62
A6: C4-005 | B6: 75.64 | C6: 34.62 | D6: 100 | E6: 100 | F6: 31.7 | G6: 1.89 | H6: 25 | I6: 0 | J6: 17.58 | K6: 0 | L6: 83.53 | M6: 15.9 | N6: 34.87 | O6: 40.056154 | P6: 11 | Q6: 0.84615385 | R6: 47.339091
A7: C4-006 | B7: 51.04 | C7: 23.08 | D7: 100 | E7: 50 | F7: 46.44 | G7: 34.75 | H7: 0 | I7: 0 | J7: 0 | K7: 0 | L7: 0 | M7: 0 | N7: 0 | O7: 23.485385 | P7: 7 | Q7: 0.53846154 | R7: 43.615714
A8: C4-007 | B8: 73.82 | C8: 73.08 | D8: 100 | E8: 75 | F8: 46.44 | G8: 41.9 | H8: 50 | I8: 47.5 | J8: 54.95 | K8: 29.55 | L8: 86.54 | M8: 59.26 | N8: 60.08 | O8: 61.393846 | P8: 13 | Q8: 1 | R8: 61.393846
A9: C4-008 | B9: 92.66 | C9: 98.08 | D9: 100 | E9: 100 | F9: 100 | G9: 92.4 | H9: 100 | I9: 41.18 | J9: 89.69 | K9: 25 | L9: 89.77 | M9: 60.42 | N9: 63.8 | O9: 81 | P9: 13 | Q9: 1 | R9: 81
A10: C4-009 | B10: 23.3 | C10: 7.69 | D10: 52.13 | E10: 75 | F10: 0 | G10: 0 | H10: 0 | I10: 0 | J10: 0 | K10: 0 | L10: 0 | M10: 15.9 | N10: 23.8 | O10: 15.216923 | P10: 9 | Q10: 0.69230769 | R10: 21.98
A11: C4-010 | B11: 72.62 | C11: 65.38 | D11: 100 | E11: 0 | F11: 76.15 | G11: 63.31 | H11: 75 | I11: 0 | J11: 88.37 | K11: 0 | L11: 91.57 | M11: 47.71 | N11: 64.91 | O11: 57.309231 | P11: 11 | Q11: 0.84615385 | R11: 67.729091
A12: C4-011 | B12: 68.17 | C12: 61.54 | D12: 100 | E12: 100 | F12: 71.7 | G12: 76.03 | H12: 100 | I12: 50.53 | J12: 47.54 | K12: 54.88 | L12: 55.56 | M12: 49.7 | N12: 62.63 | O12: 69.098462 | P12: 13 | Q12: 1 | R12: 69.098462
A13: C4-012 | B13: 82.27 | C13: 76.92 | D13: 100 | E13: 75 | F13: 60 | G13: 59.55 | H13: 75 | I13: 42.74 | J13: 82.88 | K13: 54.95 | L13: 91.94 | M13: 23.3 | N13: 0 | O13: 63.426923 | P13: 13 | Q13: 1 | R13: 63.426923
... A113: C4-112 | B113: 100 | C113: 98.08 | D113: 100 | E113: 100 | F113: 87.85 | G113: 33.57 | H113: 100 | I113: 71.15 | J113: 68.38 | K113: 63.55 | L113: 72.2 | M113: 100 | N113: 100 | O113: 84.213846 | P113: 13 | Q113: 1 | R113: 84.213846

Sheet Data
A1: oisi_id | B1: infrastructure | C1: repo_original_url | D1: repo_decision | E1: repo_host | F1: repo_repo | G1: repo_branch | H1: repo_upstream | I1: repo_scored | J1: repo_classification | K1: repo_issue_tracker | L1: repo_notes | M1: repo_issue_repo | N1: repo_resolved_url_marker | O1: repo_resolved_url_candidate_repo | P1: repo_resolved_url_platform | Q1: repo_resolved_url_action | R1: repo_resolved_url_note | S1: git_repo | T1: git_active_months | U1: git_active_weeks | V1: git_bf50 | W1: git_bf80 | X1: git_bot_commits | Y1: git_bot_share | Z1: git_contributors | AA1: git_days_since_last | AB1: git_eff_contributors | AC1: git_git_status | AD1: git_human_commits | AE1: git_last_commit_any | AF1: git_merge_commits | AG1: git_merged_identity_groups | AH1: git_retained | AI1: git_tags_in_window | AJ1: git_top_share | AK1: github_diag_acceptance_ratio | AL1: github_diag_issue_ttfr_median_h | AM1: github_diag_issue_ttfr_n | AN1: github_diag_issues_by_maintainers | AO1: github_diag_issues_created | AP1: github_diag_open_issues_over_180d_at_cutoff | AQ1: github_diag_pr_ttfr_median_h | AR1: github_diag_pr_ttfr_n | AS1: github_diag_prs_closed_unmerged | AT1: github_diag_prs_created | AU1: github_diag_prs_merged | AV1: github_diag_prs_open_at_cutoff | AW1: github_diag_prs_self_merged | AX1: github_gh_status | AY1: github_m10_closed | AZ1: github_m10_issue_close90_rate | BA1: github_m10_n | BB1: github_m11_decided | BC1: github_m11_n | BD1: github_m11_pr_decision30_rate | BE1: github_m12_stars_gained | BF1: github_m13_forks_created | BG1: github_m8_basis | BH1: github_m8_issue_response_rate | BI1: github_m8_n | BJ1: github_m8_responded | BK1: github_m9_n | BL1: github_m9_pr_response_rate | BM1: github_m9_responded | BN1: equal_m1_commits | BO1: observed_m1_commits | BP1: equal_m2_active_weeks | BQ1: observed_m2_active_weeks | BR1: equal_m3_recency | BS1: observed_m3_recency | BT1: equal_m4_releases | BU1: observed_m4_releases | BV1: equal_m5_contributors | BW1: observed_m5_contributors | BX1: equal_m6_effective_contributors | BY1: observed_m6_effective_contributors | BZ1: equal_m7_retention | CA1: observed_m7_retention | CB1: equal_m8_issue_response | CC1: observed_m8_issue_response | CD1: equal_m9_pr_response | CE1: observed_m9_pr_response | CF1: equal_m10_issue_close90 | CG1: observed_m10_issue_close90 | CH1: equal_m11_pr_decision30 | CI1: observed_m11_pr_decision30 | CJ1: equal_m12_stars | CK1: observed_m12_stars | CL1: equal_m13_forks | CM1: observed_m13_forks | CN1: equal_zero_filled_final | CO1: available_metric_count | CP1: observed_coverage | CQ1: observed_only_mean | CR1: manual_source | CS1: manual_m8_issue_response_rate | CT1: manual_m10_issue_close90_rate | CU1: manual_notes
A2: C4-001 | B2: 2i2c | C2: https://github.com/2i2c-org/infrastructure | D2: Ready | E2: github | F2: 2i2c-org/infrastructure | I2: yes | J2: software | K2: GitHub (same repo) | M2: 2i2c-org/infrastructure | S2: 2i2c-org/infrastructure | T2: 12 | U2: 52 | V2: 2 | W2: 5 | X2: 225 | Y2: 0.097 | Z2: 50 | AA2: 0.14 | AB2: 4.95 | AC2: complete | AD2: 2100 | AE2: 2026-10-14 | AF2: 839 | AG2: 2 | AH2: 22 | AI2: 0 | AJ2: 33.9 | AK2: 97.25 | AL2: 261.85 | AM2: 281 | AN2: 309 | AO2: 695 | AP2: 301 | AQ2: 5.2 | AR2: 260 | AS2: 37 | AT2: 1357 | AU2: 1309 | AV2: 11 | AW2: 1138 | AX2: complete | AY2: 402 | AZ2: 0.7053 | BA2: 570 | BB2: 1233 | BC2: 1250 | BD2: 0.9864 | BE2: 15 | BF2: 22 | BG2: non-maintainer issues | BH2: 0.4074 | BI2: 378 | BJ2: 154 | BK2: 1323 | BL2: 0.1867 | BM2: 247 | BN2: 100 | BO2: 1 | BP2: 100 | BQ2: 1 | BR2: 100 | BS2: 1 | BT2: 0 | BU2: 1 | BV2: 100 | BW2: 1 | BX2: 76.91 | BY2: 1 | BZ2: 100 | CA2: 1 | CB2: 40.74 | CC2: 1 | CD2: 18.67 | CE2: 1 | CF2: 70.53 | CG2: 1 | CH2: 98.64 | CI2: 1 | CJ2: 40.13 | CK2: 1 | CL2: 67.94 | CM2: 1 | CN2: 70.273846 | CO2: 13 | CP2: 1 | CQ2: 70.273846
A3: C4-002 | B3: Academic Preservation Trust (APTrust) | C3: https://github.com/APTrust/registry | D3: Ready | E3: github | F3: APTrust/registry | I3: yes | J3: software | K3: GitHub (same repo) | M3: APTrust/registry | S3: APTrust/registry | T3: 12 | U3: 28 | V3: 1 | W3: 2 | X3: 0 | Y3: 0.0 | Z3: 4 | AA3: 21.17 | AB3: 2.47 | AC3: complete | AD3: 156 | AE3: 2026-09-09 | AF3: 35 | AG3: 1 | AH3: 3 | AI3: 0 | AJ3: 50.0 | AK3: 95.45 | AL3: 1078.67 | AM3: 8 | AN3: 67 | AO3: 67 | AP3: 0 | AQ3: 3.24 | AR3: 14 | AS3: 1 | AT3: 24 | AU3: 21 | AV3: 2 | AW3: 20 | AX3: complete | AY3: 0 | AZ3: 0.0 | BA3: 67 | BB3: 16 | BC3: 24 | BD3: 0.6667 | BE3: 0 | BF3: 0 | BG3: all issues (too few non-maintainer) | BH3: 0.0 | BI3: 67 | BJ3: 0 | BK3: 24 | BL3: 0.5833 | BM3: 14 | BN3: 73.19 | BO3: 1 | BP3: 53.85 | BQ3: 1 | BR3: 100 | BS3: 1 | BT3: 0 | BU3: 1 | BV3: 40 | BW3: 1 | BX3: 43.48 | BY3: 1 | BZ3: 75 | CA3: 1 | CB3: 0 | CC3: 1 | CD3: 58.33 | CE3: 1 | CF3: 0 | CG3: 1 | CH3: 66.67 | CI3: 1 | CJ3: 0 | CK3: 1 | CL3: 0 | CM3: 1 | CN3: 39.270769 | CO3: 13 | CP3: 1 | CQ3: 39.270769
A4: C4-003 | B4: AfricArXiv | C4: https://github.com/AfricArxiv/AfricArXiv-overview | D4: Not assessable | I4: no | J4: not-assessable | L4: Overview repo idle since 2021; service runs on hosted platforms | BN4: 0 | BO4: 0 | BP4: 0 | BQ4: 0 | BR4: 0 | BS4: 0 | BT4: 0 | BU4: 0 | BV4: 0 | BW4: 0 | BX4: 0 | BY4: 0 | BZ4: 0 | CA4: 0 | CB4: 0 | CC4: 0 | CD4: 0 | CE4: 0 | CF4: 0 | CG4: 0 | CH4: 0 | CI4: 0 | CJ4: 0 | CK4: 0 | CL4: 0 | CM4: 0 | CN4: 0 | CO4: 0 | CP4: 0 | CQ4: 0
A5: C4-004 | B5: Arches Heritage Data Management Platform | C5: https://github.com/archesproject/arches | D5: Ready | E5: github | F5: archesproject/arches | I5: yes | J5: software | K5: GitHub (same repo) | M5: archesproject/arches | S5: archesproject/arches | T5: 12 | U5: 51 | V5: 3 | W5: 7 | X5: 8 | Y5: 0.011 | Z5: 27 | AA5: 0.31 | AB5: 6.83 | AC5: complete | AD5: 705 | AE5: 2026-10-13 | AF5: 72 | AG5: 6 | AH5: 13 | AI5: 22 | AJ5: 27.38 | AK5: 90.6 | AL5: 90.54 | AM5: 30 | AN5: 80 | AO5: 151 | AP5: 991 | AQ5: 4.28 | AR5: 257 | AS5: 25 | AT5: 296 | AU5: 241 | AV5: 30 | AW5: 119 | AX5: complete | AY5: 52 | AZ5: 0.4444 | BA5: 117 | BB5: 227 | BC5: 256 | BD5: 0.8867 | BE5: 36 | BF5: 16 | BG5: non-maintainer issues | BH5: 0.303 | BI5: 66 | BJ5: 20 | BK5: 284 | BL5: 0.7746 | BM5: 220 | BN5: 94.95 | BO5: 1 | BP5: 98.08 | BQ5: 1 | BR5: 100 | BS5: 1 | BT5: 100 | BU5: 1 | BV5: 95.1 | BW5: 1 | BX5: 92.4 | BY5: 1 | BZ5: 100 | CA5: 1 | CB5: 30.3 | CC5: 1 | CD5: 77.46 | CE5: 1 | CF5: 44.44 | CG5: 1 | CH5: 88.67 | CI5: 1 | CJ5: 52.27 | CK5: 1 | CL5: 61.39 | CM5: 1 | CN5: 79.62 | CO5: 13 | CP5: 1 | CQ5: 79.62
A6: C4-005 | B6: Archipelago Commons | C6: https://github.com/esmero/ | D6: Org URL -> core module set | E6: github | F6: esmero/strawberryfield;esmero/format_strawberryfield;esmero/webform_strawberryfield;esmero/strawberry_runners;esmero/ami;esmero/archipelago-deployment | I6: yes | J6: software | K6: GitHub: esmero/archipelago-deployment (85 open) | L6: Modular Drupal system with no single main repo; scored on the core module set (commits de-duplicated) | M6: esmero/archipelago-deployment | N6: yes | O6: esmero/strawberryfield | P6: GitHub | Q6: marker_only | R6: Current scoring uses the Archipelago core module set; single repo recorded as candidate. | S6: esmero/strawberryfield;esmero/format_strawberryfield;esmero/webform_strawberryfield;esmero/strawberry_runners;esmero/ami;esmero/archipelago-deployment | T6: 8 | U6: 18 | V6: 1 | W6: 1 | X6: 2 | Y6: 0.011 | Z6: 3 | AA6: 15.14 | AB6: 1.04 | AC6: complete | AD6: 185 | AE6: 2026-09-29 | AF6: 31 | AG6: 0 | AH6: 1 | AI6: 21 | AJ6: 97.84 | AK6: 95.6 | AL6: 0.39 | AM6: 4 | AN6: 3 | AO6: 8 | AP6: 81 | AQ6: 2.43 | AR6: 17 | AS6: 4 | AT6: 97 | AU6: 87 | AV6: 6 | AW6: 77 | AX6: complete | AY6: 1 | BA6: 6 | BB6: 71 | BC6: 85 | BD6: 0.8353 | BE6: 2 | BF6: 4 | BG6: all issues (too few non-maintainer) | BI6: 8 | BJ6: 4 | BK6: 91 | BL6: 0.1758 | BM6: 16 | BN6: 75.64 | BO6: 1 | BP6: 34.62 | BQ6: 1 | BR6: 100 | BS6: 1 | BT6: 100 | BU6: 1 | BV6: 31.7 | BW6: 1 | BX6: 1.89 | BY6: 1 | BZ6: 25 | CA6: 1 | CB6: 0 | CC6: 0 | CD6: 17.58 | CE6: 1 | CF6: 0 | CG6: 0 | CH6: 83.53 | CI6: 1 | CJ6: 15.9 | CK6: 1 | CL6: 34.87 | CM6: 1 | CN6: 40.056154 | CO6: 11 | CP6: 0.84615385 | CQ6: 47.339091
A7: C4-006 | B7: Archival Resource Key | C7: https://github.com/arks-org | D7: Resolved URL -> scoreable standard repo | E7: github | F7: arks-org/arks.github.io | I7: yes | J7: standard | K7: GitHub (same repo) | L7: ARK is an identifier scheme; arkspec had 2 commits in window. Score standards separately, not against software | Restored as scoreable documentation/spec repository per resolved list; still marked as standard. | M7: arks-org/arks.github.io | N7: yes | O7: arks-org/arks.github.io | P7: GitHub | Q7: applied | R7: Restored as scoreable documentation/spec repository per resolved list; still marked as standard. | S7: arks-org/arks.github.io | T7: 7 | U7: 12 | V7: 1 | W7: 2 | X7: 0 | Y7: 0.0 | Z7: 5 | AA7: 26.31 | AB7: 2.06 | AC7: complete | AD7: 33 | AE7: 2026-09-04 | AF7: 16 | AG7: 0 | AH7: 0 | AI7: 1 | AJ7: 66.67 | BN7: 51.04 | BO7: 1 | BP7: 23.08 | BQ7: 1 | BR7: 100 | BS7: 1 | BT7: 50 | BU7: 1 | BV7: 46.44 | BW7: 1 | BX7: 34.75 | BY7: 1 | BZ7: 0 | CA7: 1 | CB7: 0 | CC7: 0 | CD7: 0 | CE7: 0 | CF7: 0 | CG7: 0 | CH7: 0 | CI7: 0 | CJ7: 0 | CK7: 0 | CL7: 0 | CM7: 0 | CN7: 23.485385 | CO7: 7 | CP7: 0.53846154 | CQ7: 43.615714
A8: C4-007 | B8: Archivematica | C8: https://github.com/artefactual/archivematica | D8: Ready | E8: github | F8: artefactual/archivematica | I8: yes | J8: software | K8: GitHub: archivematica/Issues | M8: archivematica/Issues | S8: artefactual/archivematica | T8: 12 | U8: 38 | V8: 1 | W8: 2 | X8: 153 | Y8: 0.484 | Z8: 5 | AA8: 10.62 | AB8: 2.39 | AC8: complete | AD8: 163 | AE8: 2026-10-10 | AF8: 0 | AG8: 0 | AH8: 2 | AI8: 2 | AJ8: 55.21 | AK8: 95.96 | AL8: 110.28 | AM8: 28 | AN8: 14 | AO8: 55 | AP8: 201 | AQ8: 21.74 | AR8: 71 | AS8: 4 | AT8: 111 | AU8: 95 | AV8: 12 | AW8: 84 | AX8: complete | AY8: 13 | AZ8: 0.2955 | BA8: 44 | BB8: 90 | BC8: 104 | BD8: 0.8654 | BE8: 59 | BF8: 15 | BG8: non-maintainer issues | BH8: 0.475 | BI8: 40 | BJ8: 19 | BK8: 111 | BL8: 0.5495 | BM8: 61 | BN8: 73.82 | BO8: 1 | BP8: 73.08 | BQ8: 1 | BR8: 100 | BS8: 1 | BT8: 75 | BU8: 1 | BV8: 46.44 | BW8: 1 | BX8: 41.9 | BY8: 1 | BZ8: 50 | CA8: 1 | CB8: 47.5 | CC8: 1 | CD8: 54.95 | CE8: 1 | CF8: 29.55 | CG8: 1 | CH8: 86.54 | CI8: 1 | CJ8: 59.26 | CK8: 1 | CL8: 60.08 | CM8: 1 | CN8: 61.393846 | CO8: 13 | CP8: 1 | CQ8: 61.393846
A9: C4-008 | B9: ArchivesSpace | C9: https://github.com/archivesspace/archivesspace | D9: Ready | E9: github | F9: archivesspace/archivesspace | I9: yes | J9: software | K9: GitHub (same repo); also development.archivesspace.org | M9: archivesspace/archivesspace | S9: archivesspace/archivesspace | T9: 12 | U9: 51 | V9: 3 | W9: 5 | X9: 92 | Y9: 0.133 | Z9: 35 | AA9: 0.4 | AB9: 6.83 | AC9: complete | AD9: 602 | AE9: 2026-10-12 | AF9: 215 | AG9: 4 | AH9: 13 | AI9: 4 | AJ9: 21.26 | AK9: 89.8 | AL9: 51.01 | AM9: 10 | AN9: 0 | AO9: 17 | AP9: 90 | AQ9: 2.9 | AR9: 337 | AS9: 36 | AT9: 377 | AU9: 317 | AV9: 24 | AW9: 99 | AX9: complete | AY9: 4 | AZ9: 0.25 | BA9: 16 | BB9: 307 | BC9: 342 | BD9: 0.8977 | BE9: 64 | BF9: 18 | BG9: non-maintainer issues | BH9: 0.4118 | BI9: 17 | BJ9: 7 | BK9: 359 | BL9: 0.8969 | BM9: 322 | BN9: 92.66 | BO9: 1 | BP9: 98.08 | BQ9: 1 | BR9: 100 | BS9: 1 | BT9: 100 | BU9: 1 | BV9: 100 | BW9: 1 | BX9: 92.4 | BY9: 1 | BZ9: 100 | CA9: 1 | CB9: 41.18 | CC9: 1 | CD9: 89.69 | CE9: 1 | CF9: 25 | CG9: 1 | CH9: 89.77 | CI9: 1 | CJ9: 60.42 | CK9: 1 | CL9: 63.8 | CM9: 1 | CN9: 81 | CO9: 13 | CP9: 1 | CQ9: 81
A10: C4-009 | B10: ARGOS | C10: https://github.com/OpenCDMP/OpenCDMP | D10: Keep (flag) | E10: github | F10: OpenCDMP/OpenCDMP | I10: yes | J10: software | K10: GitHub (same repo, 3 open) | L10: ARGOS is built on OpenCDMP; public repo receives periodic code drops (20 commits total) | M10: OpenCDMP/OpenCDMP | S10: OpenCDMP/OpenCDMP | T10: 3 | U10: 4 | V10: 1 | W10: 1 | X10: 0 | Y10: 0.0 | Z10: 1 | AA10: 190.36 | AB10: 1.0 | AC10: complete | AD10: 4 | AE10: 2026-10-13 | AF10: 0 | AG10: 0 | AH10: 0 | AI10: 2 | AJ10: 100.0 | AM10: 0 | AN10: 0 | AO10: 2 | AP10: 1 | AR10: 0 | AS10: 0 | AT10: 2 | AU10: 0 | AV10: 2 | AW10: 0 | AX10: complete | AY10: 0 | BA10: 2 | BB10: 0 | BC10: 2 | BE10: 2 | BF10: 2 | BG10: all issues (too few non-maintainer) | BI10: 2 | BJ10: 0 | BK10: 2 | BM10: 0 | BN10: 23.3 | BO10: 1 | BP10: 7.69 | BQ10: 1 | BR10: 52.13 | BS10: 1 | BT10: 75 | BU10: 1 | BV10: 0 | BW10: 1 | BX10: 0 | BY10: 1 | BZ10: 0 | CA10: 1 | CB10: 0 | CC10: 0 | CD10: 0 | CE10: 0 | CF10: 0 | CG10: 0 | CH10: 0 | CI10: 0 | CJ10: 15.9 | CK10: 1 | CL10: 23.8 | CM10: 1 | CN10: 15.216923 | CO10: 9 | CP10: 0.69230769 | CQ10: 21.98
A11: C4-010 | B11: arXiv | C11: https://github.com/arXiv | D11: Org URL -> primary repo | E11: github | F11: arXiv/arxiv-browse | I11: yes | J11: software | K11: GitHub (same repo) | L11: Main public web application (abstract and listing pages); 54 repos in org | M11: arXiv/arxiv-browse | N11: yes | O11: arXiv/arxiv-browse | P11: GitHub | Q11: already_current | R11: Current scoring target already matches resolved list. | S11: arXiv/arxiv-browse | T11: 12 | U11: 34 | V11: 2 | W11: 5 | X11: 0 | Y11: 0.0 | Z11: 14 | AA11: 1.06 | AB11: 3.73 | AC11: complete | AD11: 150 | AE11: 2026-10-06 | AF11: 63 | AG11: 1 | AH11: 4 | AI11: 0 | AJ11: 48.0 | AK11: 95.29 | AL11: 133.68 | AM11: 4 | AN11: 0 | AO11: 5 | AP11: 9 | AQ11: 0.32 | AR11: 80 | AS11: 4 | AT11: 91 | AU11: 81 | AV11: 6 | AW11: 76 | AX11: complete | AY11: 3 | BA11: 5 | BB11: 76 | BC11: 83 | BD11: 0.9157 | BE11: 26 | BF11: 19 | BG11: all issues (too few non-maintainer) | BI11: 5 | BJ11: 3 | BK11: 86 | BL11: 0.8837 | BM11: 76 | BN11: 72.62 | BO11: 1 | BP11: 65.38 | BQ11: 1 | BR11: 100 | BS11: 1 | BT11: 0 | BU11: 1 | BV11: 76.15 | BW11: 1 | BX11: 63.31 | BY11: 1 | BZ11: 75 | CA11: 1 | CB11: 0 | CC11: 0 | CD11: 88.37 | CE11: 1 | CF11: 0 | CG11: 0 | CH11: 91.57 | CI11: 1 | CJ11: 47.71 | CK11: 1 | CL11: 64.91 | CM11: 1 | CN11: 57.309231 | CO11: 11 | CP11: 0.84615385 | CQ11: 67.729091
A12: C4-011 | B12: AtoM | C12: https://github.com/artefactual/atom | D12: Ready | E12: github | F12: artefactual/atom | I12: yes | J12: software | K12: GitHub (same repo) | M12: artefactual/atom | S12: artefactual/atom | T12: 12 | U12: 32 | V12: 2 | W12: 4 | X12: 27 | Y12: 0.197 | Z12: 12 | AA12: 5.01 | AB12: 4.86 | AC12: complete | AD12: 110 | AE12: 2026-10-06 | AF12: 0 | AG12: 0 | AH12: 5 | AI12: 5 | AJ12: 30.0 | AK12: 94.39 | AL12: 162.59 | AM12: 73 | AN12: 1 | AO12: 98 | AP12: 89 | AQ12: 147.88 | AR12: 110 | AS12: 6 | AT12: 123 | AU12: 101 | AV12: 16 | AW12: 39 | AX12: complete | AY12: 45 | AZ12: 0.5488 | BA12: 82 | BB12: 65 | BC12: 117 | BD12: 0.5556 | BE12: 30 | BF12: 17 | BG12: non-maintainer issues | BH12: 0.5053 | BI12: 95 | BJ12: 48 | BK12: 122 | BL12: 0.4754 | BM12: 58 | BN12: 68.17 | BO12: 1 | BP12: 61.54 | BQ12: 1 | BR12: 100 | BS12: 1 | BT12: 100 | BU12: 1 | BV12: 71.7 | BW12: 1 | BX12: 76.03 | BY12: 1 | BZ12: 100 | CA12: 1 | CB12: 50.53 | CC12: 1 | CD12: 47.54 | CE12: 1 | CF12: 54.88 | CG12: 1 | CH12: 55.56 | CI12: 1 | CJ12: 49.7 | CK12: 1 | CL12: 62.63 | CM12: 1 | CN12: 69.098462 | CO12: 13 | CP12: 1 | CQ12: 69.098462
A13: C4-012 | B13: Avalon Media System | C13: https://github.com/avalonmediasystem/avalon | D13: Ready | E13: github | F13: avalonmediasystem/avalon | I13: yes | J13: software | K13: GitHub (same repo) | M13: avalonmediasystem/avalon | S13: avalonmediasystem/avalon | T13: 12 | U13: 40 | V13: 2 | W13: 3 | X13: 0 | Y13: 0.0 | Z13: 8 | AA13: 27.28 | AB13: 3.45 | AC13: complete | AD13: 293 | AE13: 2026-09-09 | AF13: 51 | AG13: 1 | AH13: 4 | AI13: 3 | AJ13: 40.61 | AK13: 95.35 | AL13: 164.24 | AM13: 69 | AN13: 27 | AO13: 144 | AP13: 163 | AQ13: 19.39 | AR13: 214 | AS13: 10 | AT13: 235 | AU13: 205 | AV13: 20 | AW13: 192 | AX13: complete | AY13: 61 | AZ13: 0.5495 | BA13: 111 | BB13: 194 | BC13: 211 | BD13: 0.9194 | BE13: 4 | BF13: 0 | BG13: non-maintainer issues | BH13: 0.4274 | BI13: 117 | BJ13: 50 | BK13: 222 | BL13: 0.8288 | BM13: 184 | BN13: 82.27 | BO13: 1 | BP13: 76.92 | BQ13: 1 | BR13: 100 | BS13: 1 | BT13: 75 | BU13: 1 | BV13: 60 | BW13: 1 | BX13: 59.55 | BY13: 1 | BZ13: 75 | CA13: 1 | CB13: 42.74 | CC13: 1 | CD13: 82.88 | CE13: 1 | CF13: 54.95 | CG13: 1 | CH13: 91.94 | CI13: 1 | CJ13: 23.3 | CK13: 1 | CL13: 0 | CM13: 1 | CN13: 63.426923 | CO13: 13 | CP13: 1 | CQ13: 63.426923
A14: C4-013 | B14: Biodiversity Heritage Library | C14: https://github.com/gbhl/bhl-us | D14: Ready | E14: github | F14: gbhl/bhl-us | I14: yes | J14: software | K14: Internal tracker (Gemini) - not public | S14: gbhl/bhl-us | T14: 12 | U14: 46 | V14: 1 | W14: 1 | X14: 0 | Y14: 0.0 | Z14: 2 | AA14: 6.09 | AB14: 1.42 | AC14: complete | AD14: 122 | AE14: 2026-10-08 | AF14: 6 | AG14: 0 | AH14: 1 | AI14: 0 | AJ14: 81.97 | AR14: 0 | AS14: 0 | AT14: 0 | AU14: 0 | AV14: 0 | AW14: 0 | AX14: complete | BB14: 0 | BC14: 0 | BE14: 4 | BF14: 0 | BK14: 0 | BM14: 0 | BN14: 69.65 | BO14: 1 | BP14: 88.46 | BQ14: 1 | BR14: 100 | BS14: 1 | BT14: 0 | BU14: 1 | BV14: 20 | BW14: 1 | BX14: 16.86 | BY14: 1 | BZ14: 25 | CA14: 1 | CB14: 0 | CC14: 0 | CD14: 0 | CE14: 0 | CF14: 0 | CG14: 0 | CH14: 0 | CI14: 0 | CJ14: 23.3 | CK14: 1 | CL14: 0 | CM14: 1 | CN14: 26.405385 | CO14: 9 | CP14: 0.69230769 | CQ14: 38.141111 | CR14: Internal tracker (Gemini) - not public | CU14: fill from external tracker or leave blank
A15: C4-014 | B15: bioRxiv | C15: https://github.com/api-evangelist/biorxiv | D15: Not assessable | I15: no | J15: not-assessable | L15: Listed repo is a third-party API description; bioRxiv platform code is not public | BN15: 0 | BO15: 0 | BP15: 0 | BQ15: 0 | BR15: 0 | BS15: 0 | BT15: 0 | BU15: 0 | BV15: 0 | BW15: 0 | BX15: 0 | BY15: 0 | BZ15: 0 | CA15: 0 | CB15: 0 | CC15: 0 | CD15: 0 | CE15: 0 | CF15: 0 | CG15: 0 | CH15: 0 | CI15: 0 | CJ15: 0 | CK15: 0 | CL15: 0 | CM15: 0 | CN15: 0 | CO15: 0 | CP15: 0 | CQ15: 0
A16: C4-015 | B16: BitCurator Environment | C16: https://github.com/bitcurator/bitcurator-salt | D16: Ready | E16: github | F16: bitcurator/bitcurator-salt | I16: yes | J16: software | K16: NONE on this repo; BitCurator uses bitcurator-distro / Google group | S16: bitcurator/bitcurator-salt | T16: 1 | U16: 1 | V16: 1 | W16: 1 | X16: 0 | Y16: 0.0 | Z16: 1 | AA16: 302.87 | AB16: 1.0 | AC16: complete | AD16: 1 | AE16: 2025-12-02 | AF16: 1 | AG16: 0 | AH16: 0 | AI16: 0 | AJ16: 100.0 | AK16: 100.0 | AR16: 0 | AS16: 0 | AT16: 1 | AU16: 1 | AV16: 0 | AW16: 1 | AX16: complete | BB16: 1 | BC16: 1 | BE16: 0 | BF16: 0 | BK16: 1 | BM16: 0 | BN16: 10.03 | BO16: 1 | BP16: 1.92 | BQ16: 1 | BR16: 18.55 | BS16: 1 | BT16: 0 | BU16: 1 | BV16: 0 | BW16: 1 | BX16: 0 | BY16: 1 | BZ16: 0 | CA16: 1 | CB16: 0 | CC16: 0 | CD16: 0 | CE16: 0 | CF16: 0 | CG16: 0 | CH16: 0 | CI16: 0 | CJ16: 0 | CK16: 1 | CL16: 0 | CM16: 1 | CN16: 2.3461538 | CO16: 9 | CP16: 0.69230769 | CQ16: 3.3888889 | CR16: NONE on this repo; BitCurator uses bitcurator-distro / Google group | CU16: fill from external tracker or leave blank
A17: C4-016 | B17: Blacklight | C17: https://github.com/projectblacklight | D17: Org URL -> primary repo | E17: github | F17: projectblacklight/blacklight | I17: yes | J17: software | K17: GitHub (same repo) | L17: Core Blacklight gem | M17: projectblacklight/blacklight | N17: yes | O17: projectblacklight/blacklight | P17: GitHub | Q17: already_current | R17: Current scoring target already matches resolved list. | S17: projectblacklight/blacklight | T17: 11 | U17: 30 | V17: 2 | W17: 5 | X17: 0 | Y17: 0.0 | Z17: 12 | AA17: 2.47 | AB17: 3.79 | AC17: complete | AD17: 116 | AE17: 2026-10-12 | AF17: 88 | AG17: 2 | AH17: 3 | AI17: 9 | AJ17: 45.69 | AK17: 94.4 | AL17: 0.92 | AM17: 7 | AN17: 8 | AO17: 21 | AP17: 129 | AQ17: 0.7 | AR17: 133 | AS17: 7 | AT17: 145 | AU17: 118 | AV17: 20 | AW17: 30 | AX17: complete | AY17: 1 | AZ17: 0.0667 | BA17: 15 | BB17: 100 | BC17: 125 | BD17: 0.8 | BE17: 24 | BF17: 4 | BG17: non-maintainer issues | BH17: 0.5833 | BI17: 12 | BJ17: 7 | BK17: 144 | BL17: 0.875 | BM17: 126 | BN17: 68.93 | BO17: 1 | BP17: 57.69 | BQ17: 1 | BR17: 100 | BS17: 1 | BT17: 100 | BU17: 1 | BV17: 71.7 | BW17: 1 | BX17: 64.07 | BY17: 1 | BZ17: 75 | CA17: 1 | CB17: 58.33 | CC17: 1 | CD17: 87.5 | CE17: 1 | CF17: 6.67 | CG17: 1 | CH17: 80 | CI17: 1 | CJ17: 46.59 | CK17: 1 | CL17: 34.87 | CM17: 1 | CN17: 65.488462 | CO17: 13 | CP17: 1 | CQ17: 65.488462
A18: C4-017 | B18: BrCRIS | C18: https://github.com/projetos-codic-ibict | D18: Resolved URL | E18: github | F18: brcris-ibict/brcris-interface-busca | I18: yes | J18: software | K18: GitHub (same repo) | L18: InfraFinder lists only the Ibict GitHub org; none of its 45 repos is identifiable as BrCRIS | Restored from not-assessable using resolved GitHub repository. | M18: brcris-ibict/brcris-interface-busca | N18: yes | O18: brcris-ibict/brcris-interface-busca | P18: GitHub | Q18: applied | R18: Restored from not-assessable using resolved GitHub repository. | S18: brcris-ibict/brcris-interface-busca | T18: 12 | U18: 47 | V18: 1 | W18: 2 | X18: 0 | Y18: 0.0 | Z18: 4 | AA18: 0.06 | AB18: 1.83 | AC18: complete | AD18: 219 | AE18: 2026-10-11 | AF18: 16 | AG18: 0 | AH18: 2 | AI18: 2 | AJ18: 68.95 | BN18: 78.07 | BO18: 1 | BP18: 90.38 | BQ18: 1 | BR18: 100 | BS18: 1 | BT18: 75 | BU18: 1 | BV18: 40 | BW18: 1 | BX18: 29.06 | BY18: 1 | BZ18: 50 | CA18: 1 | CB18: 0 | CC18: 0 | CD18: 0 | CE18: 0 | CF18: 0 | CG18: 0 | CH18: 0 | CI18: 0 | CJ18: 0 | CK18: 0 | CL18: 0 | CM18: 0 | CN18: 35.577692 | CO18: 7 | CP18: 0.53846154 | CQ18: 66.072857
A19: C4-018 | B19: Browsertrix | C19: https://github.com/webrecorder/browsertrix | D19: Ready | E19: github | F19: webrecorder/browsertrix | I19: yes | J19: software | K19: GitHub (same repo) | M19: webrecorder/browsertrix | S19: webrecorder/browsertrix | T19: 12 | U19: 52 | V19: 2 | W19: 3 | X19: 15 | Y19: 0.034 | Z19: 9 | AA19: 1.13 | AB19: 3.79 | AC19: complete | AD19: 426 | AE19: 2026-10-13 | AF19: 1 | AG19: 3 | AH19: 4 | AI19: 39 | AJ19: 37.56 | AK19: 94.74 | AL19: 6.4 | AM19: 33 | AN19: 226 | AO19: 294 | AP19: 231 | AQ19: 11.98 | AR19: 391 | AS19: 22 | AT19: 440 | AU19: 396 | AV19: 22 | AW19: 285 | AX19: complete | AY19: 150 | AZ19: 0.6757 | BA19: 222 | BB19: 368 | BC19: 399 | BD19: 0.9223 | BE19: 147 | BF19: 20 | BG19: non-maintainer issues | BH19: 0.4559 | BI19: 68 | BJ19: 31 | BK19: 429 | BL19: 0.8252 | BM19: 354 | BN19: 87.67 | BO19: 1 | BP19: 100 | BQ19: 1 | BR19: 100 | BS19: 1 | BT19: 100 | BU19: 1 | BV19: 63.4 | BW19: 1 | BX19: 64.07 | BY19: 1 | BZ19: 75 | CA19: 1 | CB19: 45.59 | CC19: 1 | CD19: 82.52 | CE19: 1 | CF19: 67.57 | CG19: 1 | CH19: 92.23 | CI19: 1 | CJ19: 72.33 | CK19: 1 | CL19: 65.97 | CM19: 1 | CN19: 78.180769 | CO19: 13 | CP19: 1 | CQ19: 78.180769
A20: C4-019 | B20: CLOCKSS | C20: https://github.com/lockss | D20: Org URL -> primary repo | E20: github | F20: lockss/lockss-daemon | I20: yes | J20: software | K20: GitHub (2 open) - likely internal tracker | L20: CLOCKSS runs on the LOCKSS daemon; lockss-core (LOCKSS 2.x) is a possible alternative | M20: lockss/lockss-daemon | N20: yes | O20: lockss/lockss-daemon | P20: GitHub | Q20: already_current | R20: Current scoring target already matches resolved list. | S20: lockss/lockss-daemon | T20: 12 | U20: 51 | V20: 2 | W20: 3 | X20: 0 | Y20: 0.0 | Z20: 9 | AA20: 0.13 | AB20: 3.43 | AC20: complete | AD20: 2867 | AE20: 2026-10-13 | AF20: 103 | AG20: 1 | AH20: 8 | AI20: 16 | AJ20: 43.49 | AK20: 0.0 | AM20: 0 | AN20: 0 | AO20: 0 | AP20: 2 | AQ20: 292.29 | AR20: 1 | AS20: 1 | AT20: 1 | AU20: 0 | AV20: 0 | AW20: 0 | AX20: complete | AY20: 0 | BA20: 0 | BB20: 1 | BC20: 1 | BE20: 4 | BF20: 1 | BG20: all issues (too few non-maintainer) | BI20: 0 | BJ20: 0 | BK20: 1 | BM20: 0 | BN20: 100 | BO20: 1 | BP20: 98.08 | BQ20: 1 | BR20: 100 | BS20: 1 | BT20: 100 | BU20: 1 | BV20: 63.4 | BW20: 1 | BX20: 59.27 | BY20: 1 | BZ20: 100 | CA20: 1 | CB20: 0 | CC20: 0 | CD20: 0 | CE20: 0 | CF20: 0 | CG20: 0 | CH20: 0 | CI20: 0 | CJ20: 23.3 | CK20: 1 | CL20: 15.02 | CM20: 1 | CN20: 50.697692 | CO20: 9 | CP20: 0.69230769 | CQ20: 73.23
A21: C4-020 | B21: COAR International Repository Directory (IRD) | C21: https://github.com/antleaf/IRD | D21: Ready | E21: github | F21: antleaf/IRD | I21: yes | J21: software | K21: GitHub (same repo) | M21: antleaf/IRD | S21: antleaf/IRD | T21: 10 | U21: 24 | V21: 1 | W21: 2 | X21: 4 | Y21: 0.061 | Z21: 3 | AA21: 8.64 | AB21: 1.51 | AC21: complete | AD21: 62 | AE21: 2026-09-22 | AF21: 8 | AG21: 0 | AH21: 1 | AI21: 17 | AJ21: 79.03 | AK21: 100.0 | AL21: 27.98 | AM21: 9 | AN21: 3 | AO21: 12 | AP21: 6 | AQ21: 15.74 | AR21: 5 | AS21: 0 | AT21: 6 | AU21: 5 | AV21: 1 | AW21: 0 | AX21: complete | AY21: 7 | AZ21: 0.6364 | BA21: 11 | BB21: 5 | BC21: 6 | BE21: 1 | BF21: 1 | BG21: all issues (too few non-maintainer) | BH21: 0.5 | BI21: 12 | BJ21: 6 | BK21: 6 | BM21: 4 | BN21: 59.97 | BO21: 1 | BP21: 46.15 | BQ21: 1 | BR21: 100 | BS21: 1 | BT21: 100 | BU21: 1 | BV21: 31.7 | BW21: 1 | BX21: 19.82 | BY21: 1 | BZ21: 25 | CA21: 1 | CB21: 50 | CC21: 1 | CD21: 0 | CE21: 0 | CF21: 63.64 | CG21: 1 | CH21: 0 | CI21: 0 | CJ21: 10.03 | CK21: 1 | CL21: 15.02 | CM21: 1 | CN21: 40.102308 | CO21: 11 | CP21: 0.84615385 | CQ21: 47.393636
A22: C4-021 | B22: COAR Notify | C22: https://github.com/coar-notify/coar-notify.net | D22: Ready | E22: github | F22: coar-notify/coar-notify.net | I22: yes | J22: software | K22: GitHub (same repo) | M22: coar-notify/coar-notify.net | S22: coar-notify/coar-notify.net | T22: 4 | U22: 4 | V22: 1 | W22: 2 | X22: 0 | Y22: 0.0 | Z22: 3 | AA22: 104.6 | AB22: 1.59 | AC22: complete | AD22: 9 | AE22: 2026-06-18 | AF22: 4 | AG22: 0 | AH22: 1 | AI22: 0 | AJ22: 77.78 | AK22: 100.0 | AL22: 0.72 | AM22: 1 | AN22: 1 | AO22: 3 | AP22: 8 | AQ22: 20.11 | AR22: 3 | AS22: 0 | AT22: 3 | AU22: 3 | AV22: 0 | AW22: 0 | AX22: complete | AY22: 1 | BA22: 3 | BB22: 3 | BC22: 3 | BE22: 1 | BF22: 2 | BG22: all issues (too few non-maintainer) | BI22: 3 | BJ22: 1 | BK22: 3 | BM22: 3 | BN22: 33.33 | BO22: 1 | BP22: 7.69 | BQ22: 1 | BR22: 77.73 | BS22: 1 | BT22: 0 | BU22: 1 | BV22: 31.7 | BW22: 1 | BX22: 22.3 | BY22: 1 | BZ22: 25 | CA22: 1 | CB22: 0 | CC22: 0 | CD22: 0 | CE22: 0 | CF22: 0 | CG22: 0 | CH22: 0 | CI22: 0 | CJ22: 10.03 | CK22: 1 | CL22: 23.8 | CM22: 1 | CN22: 17.813846 | CO22: 9 | CP22: 0.69230769 | CQ22: 25.731111
A23: C4-022 | B23: CollectiveAccess | C23: https://github.com/collectiveaccess | D23: Org URL -> primary repo | E23: github | F23: collectiveaccess/providence | I23: yes | J23: software | K23: GitHub (same repo) | L23: Providence = cataloguing back-end; Pawtucket2 is the public front-end | M23: collectiveaccess/providence | N23: yes | O23: collectiveaccess/providence | P23: GitHub | Q23: already_current | R23: Current scoring target already matches resolved list. | S23: collectiveaccess/providence | T23: 12 | U23: 52 | V23: 2 | W23: 2 | X23: 0 | Y23: 0.0 | Z23: 12 | AA23: 0.36 | AB23: 2.86 | AC23: complete | AD23: 839 | AE23: 2026-10-08 | AF23: 219 | AG23: 0 | AH23: 8 | AI23: 2 | AJ23: 49.82 | AK23: 88.78 | AL23: 5.25 | AM23: 79 | AN23: 0 | AO23: 127 | AP23: 143 | AQ23: 2.14 | AR23: 94 | AS23: 11 | AT23: 104 | AU23: 87 | AV23: 6 | AW23: 0 | AX23: complete | AY23: 51 | AZ23: 0.4766 | BA23: 107 | BB23: 76 | BC23: 96 | BD23: 0.7917 | BE23: 44 | BF23: 14 | BG23: non-maintainer issues | BH23: 0.5935 | BI23: 123 | BJ23: 73 | BK23: 102 | BL23: 0.8235 | BM23: 84 | BN23: 97.46 | BO23: 1 | BP23: 100 | BQ23: 1 | BR23: 100 | BS23: 1 | BT23: 75 | BU23: 1 | BV23: 71.7 | BW23: 1 | BX23: 50.53 | BY23: 1 | BZ23: 100 | CA23: 1 | CB23: 59.35 | CC23: 1 | CD23: 82.35 | CE23: 1 | CF23: 47.66 | CG23: 1 | CH23: 79.17 | CI23: 1 | CJ23: 55.1 | CK23: 1 | CL23: 58.68 | CM23: 1 | CN23: 75.153846 | CO23: 13 | CP23: 1 | CQ23: 75.153846
A24: C4-023 | B24: CORE | C24: https://github.com/oacore | D24: Resolved URL | E24: github | F24: oacore/dashboard | I24: yes | J24: software | K24: GitHub (same repo) | L24: Public oacore repos are front-ends and API clients; the harvesting back-end (chars) has been idle since Jan 2025 | Restored from not-assessable using resolved GitHub repository. | M24: oacore/dashboard | N24: yes | O24: oacore/dashboard | P24: GitHub | Q24: applied | R24: Restored from not-assessable using resolved GitHub repository. | S24: oacore/dashboard | T24: 12 | U24: 39 | V24: 2 | W24: 3 | X24: 0 | Y24: 0.0 | Z24: 12 | AA24: 6.46 | AB24: 4.07 | AC24: complete | AD24: 217 | AE24: 2026-10-06 | AF24: 25 | AG24: 0 | AH24: 5 | AI24: 0 | AJ24: 36.87 | BN24: 77.94 | BO24: 1 | BP24: 75 | BQ24: 1 | BR24: 100 | BS24: 1 | BT24: 0 | BU24: 1 | BV24: 71.7 | BW24: 1 | BX24: 67.5 | BY24: 1 | BZ24: 100 | CA24: 1 | CB24: 0 | CC24: 0 | CD24: 0 | CE24: 0 | CF24: 0 | CG24: 0 | CH24: 0 | CI24: 0 | CJ24: 0 | CK24: 0 | CL24: 0 | CM24: 0 | CN24: 37.856923 | CO24: 7 | CP24: 0.53846154 | CQ24: 70.305714
A25: C4-024 | B25: COUNTER Code of Practice | C25: https://cop5.countermetrics.org/en/5.1/index.html | D25: Resolved URL -> scoreable standard repo | E25: github | F25: Project-Counter/cop5 | I25: yes | J25: standard | K25: GitHub (same repo) | L25: Code of Practice (standard), not software | Restored as scoreable documentation/spec repository per resolved list; still marked as standard. | M25: Project-Counter/cop5 | N25: yes | O25: Project-Counter/cop5 | P25: GitHub | Q25: applied | R25: Restored as scoreable documentation/spec repository per resolved list; still marked as standard. | S25: Project-Counter/cop5 | T25: 5 | U25: 10 | V25: 2 | W25: 3 | X25: 0 | Y25: 0.0 | Z25: 5 | AA25: 55.58 | AB25: 3.41 | AC25: complete | AD25: 38 | AE25: 2026-08-06 | AF25: 0 | AG25: 0 | AH25: 1 | AI25: 0 | AJ25: 34.21 | BN25: 53.03 | BO25: 1 | BP25: 19.23 | BQ25: 1 | BR25: 92.36 | BS25: 1 | BT25: 0 | BU25: 1 | BV25: 46.44 | BW25: 1 | BX25: 58.99 | BY25: 1 | BZ25: 25 | CA25: 1 | CB25: 0 | CC25: 0 | CD25: 0 | CE25: 0 | CF25: 0 | CG25: 0 | CH25: 0 | CI25: 0 | CJ25: 0 | CK25: 0 | CL25: 0 | CM25: 0 | CN25: 22.696154 | CO25: 7 | CP25: 0.53846154 | CQ25: 42.15
A26: C4-025 | B26: Creative Commons Licenses | C26: https://github.com/creativecommons | D26: Org URL -> primary repo | E26: github | F26: creativecommons/cc-legal-tools-app | I26: yes | J26: software | K26: GitHub (same repo) | L26: Application that manages and publishes the licence legal code | M26: creativecommons/cc-legal-tools-app | N26: yes | O26: creativecommons/cc-legal-tools | P26: GitHub | Q26: marker_only | R26: Current scoring uses cc-legal-tools-app; resolved repo recorded as candidate. | S26: creativecommons/cc-legal-tools-app | T26: 10 | U26: 16 | V26: 1 | W26: 2 | X26: 0 | Y26: 0.0 | Z26: 5 | AA26: 0.65 | AB26: 1.97 | AC26: complete | AD26: 75 | AE26: 2026-10-02 | AF26: 36 | AG26: 0 | AH26: 1 | AI26: 0 | AJ26: 68.0 | AK26: 87.5 | AL26: 156.99 | AM26: 10 | AN26: 9 | AO26: 20 | AP26: 28 | AQ26: 6.14 | AR26: 31 | AS26: 4 | AT26: 34 | AU26: 28 | AV26: 2 | AW26: 24 | AX26: complete | AY26: 7 | AZ26: 0.5385 | BA26: 13 | BB26: 27 | BC26: 31 | BD26: 0.871 | BE26: 87 | BF26: 81 | BG26: non-maintainer issues | BH26: 0.6364 | BI26: 11 | BJ26: 7 | BK26: 32 | BL26: 0.9062 | BM26: 29 | BN26: 62.68 | BO26: 1 | BP26: 30.77 | BQ26: 1 | BR26: 100 | BS26: 1 | BT26: 0 | BU26: 1 | BV26: 46.44 | BW26: 1 | BX26: 32.61 | BY26: 1 | BZ26: 25 | CA26: 1 | CB26: 63.64 | CC26: 1 | CD26: 90.62 | CE26: 1 | CF26: 53.85 | CG26: 1 | CH26: 87.1 | CI26: 1 | CJ26: 64.81 | CK26: 1 | CL26: 95.48 | CM26: 1 | CN26: 57.923077 | CO26: 13 | CP26: 1 | CQ26: 57.923077
A27: C4-026 | B27: Crossref Metadata Retrieval | C27: https://gitlab.com/crossref | D27: Non-GitHub (verify repo) | E27: gitlab | F27: https://gitlab.com/crossref/rest_api | I27: yes | J27: software | K27: GitLab (same project) | L27: GitLab group; REST API project path not verified from here (GitLab blocked) | N27: yes | O27: https://gitlab.com/crossref/rest_api | P27: GitLab | Q27: already_current | R27: Current scoring target already matches resolved list. | S27: https://gitlab.com/crossref/rest_api | T27: 11 | U27: 24 | V27: 1 | W27: 3 | X27: 0 | Y27: 0.0 | Z27: 6 | AA27: 7.35 | AB27: 2.86 | AC27: complete | AD27: 44 | AE27: 2026-10-13 | AF27: 38 | AG27: 0 | AH27: 3 | AI27: 30 | AJ27: 52.27 | AX27: no GitHub source | BN27: 55.1 | BO27: 1 | BP27: 46.15 | BQ27: 1 | BR27: 100 | BS27: 1 | BT27: 100 | BU27: 1 | BV27: 51.7 | BW27: 1 | BX27: 50.53 | BY27: 1 | BZ27: 75 | CA27: 1 | CB27: 0 | CC27: 0 | CD27: 0 | CE27: 0 | CF27: 0 | CG27: 0 | CH27: 0 | CI27: 0 | CJ27: 0 | CK27: 0 | CL27: 0 | CM27: 0 | CN27: 36.806154 | CO27: 7 | CP27: 0.53846154 | CQ27: 68.354286 | CR27: GitLab (same project) | CU27: fill from external tracker or leave blank
A28: C4-027 | B28: D4Science Infrastructure | C28: https://code-repo.d4science.org/ | D28: Non-GitHub: choose repo | E28: gitea | I28: no | J28: needs-decision | L28: Gitea root URL; D4Science is many gCube components. Pick a core repo or exclude | N28: yes | O28: code-repo.d4science.org | P28: Gitea Instance | Q28: marker_only | R28: Resolved target is the host root, not a cloneable repository. | BN28: 0 | BO28: 0 | BP28: 0 | BQ28: 0 | BR28: 0 | BS28: 0 | BT28: 0 | BU28: 0 | BV28: 0 | BW28: 0 | BX28: 0 | BY28: 0 | BZ28: 0 | CA28: 0 | CB28: 0 | CC28: 0 | CD28: 0 | CE28: 0 | CF28: 0 | CG28: 0 | CH28: 0 | CI28: 0 | CJ28: 0 | CK28: 0 | CL28: 0 | CM28: 0 | CN28: 0 | CO28: 0 | CP28: 0 | CQ28: 0
A29: C4-028 | B29: DART (Digital Archivist's Resource Tool) | C29: https://github.com/aptrust/dart/ | D29: Ready | E29: github | F29: aptrust/dart | I29: yes | J29: software | K29: GitHub (same repo) | M29: aptrust/dart | S29: aptrust/dart | T29: 11 | U29: 23 | V29: 1 | W29: 2 | X29: 0 | Y29: 0.0 | Z29: 3 | AA29: 26.33 | AB29: 2.18 | AC29: complete | AD29: 197 | AE29: 2026-09-04 | AF29: 4 | AG29: 0 | AH29: 1 | AI29: 4 | AJ29: 50.76 | AK29: 80.0 | AL29: 5.67 | AM29: 16 | AN29: 82 | AO29: 98 | AP29: 22 | AQ29: 18.27 | AR29: 3 | AS29: 1 | AT29: 6 | AU29: 4 | AV29: 1 | AW29: 4 | AX29: complete | AY29: 1 | AZ29: 0.0106 | BA29: 94 | BB29: 4 | BC29: 5 | BE29: 14 | BF29: 0 | BG29: non-maintainer issues | BH29: 1.0 | BI29: 16 | BJ29: 16 | BK29: 6 | BM29: 3 | BN29: 76.54 | BO29: 1 | BP29: 44.23 | BQ29: 1 | BR29: 100 | BS29: 1 | BT29: 100 | BU29: 1 | BV29: 31.7 | BW29: 1 | BX29: 37.48 | BY29: 1 | BZ29: 25 | CA29: 1 | CB29: 100 | CC29: 1 | CD29: 0 | CE29: 0 | CF29: 1.06 | CG29: 1 | CH29: 0 | CI29: 0 | CJ29: 39.2 | CK29: 1 | CL29: 0 | CM29: 1 | CN29: 42.708462 | CO29: 11 | CP29: 0.84615385 | CQ29: 50.473636
A30: C4-029 | B30: Database Information System | C30: https://github.com/ub-regensburg/dbis | D30: Keep (dormant/new) | E30: github | F30: ub-regensburg/dbis | I30: yes | J30: software | K30: GitHub (0 open) | L30: Only 3 commits ever; README says code is being published gradually | M30: ub-regensburg/dbis | S30: ub-regensburg/dbis | T30: 0 | U30: 0 | X30: 0 | Z30: 0 | AC30: complete | AD30: 0 | AE30: 2025-03-03 | AF30: 0 | AG30: 0 | AH30: 0 | AI30: 0 | AM30: 0 | AN30: 0 | AO30: 0 | AP30: 0 | AR30: 0 | AS30: 0 | AT30: 0 | AU30: 0 | AV30: 0 | AW30: 0 | AX30: complete | AY30: 0 | BA30: 0 | BB30: 0 | BC30: 0 | BE30: 0 | BF30: 0 | BG30: all issues (too few non-maintainer) | BI30: 0 | BJ30: 0 | BK30: 0 | BM30: 0 | BN30: 0 | BO30: 1 | BP30: 0 | BQ30: 1 | BR30: 0 | BS30: 1 | BT30: 0 | BU30: 1 | BV30: 0 | BW30: 1 | BX30: 0 | BY30: 1 | BZ30: 0 | CA30: 1 | CB30: 0 | CC30: 0 | CD30: 0 | CE30: 0 | CF30: 0 | CG30: 0 | CH30: 0 | CI30: 0 | CJ30: 0 | CK30: 1 | CL30: 0 | CM30: 1 | CN30: 0 | CO30: 9 | CP30: 0.69230769 | CQ30: 0
A31: C4-030 | B31: Data Citation Corpus | C31: https://github.com/Make-Data-Count-Community/corpus-data-file | D31: Keep | E31: github | F31: Make-Data-Count-Community/corpus-data-file | I31: yes | J31: software | K31: GitHub (same repo) | L31: This repo is the corpus build code; low activity is a real result | M31: Make-Data-Count-Community/corpus-data-file | S31: Make-Data-Count-Community/corpus-data-file | T31: 1 | U31: 1 | V31: 1 | W31: 1 | X31: 0 | Y31: 0.0 | Z31: 1 | AA31: 94.6 | AB31: 1.0 | AC31: complete | AD31: 1 | AE31: 2026-06-28 | AF31: 0 | AG31: 0 | AH31: 0 | AI31: 0 | AJ31: 100.0 | AM31: 0 | AN31: 0 | AO31: 0 | AP31: 6 | AR31: 0 | AS31: 0 | AT31: 0 | AU31: 0 | AV31: 0 | AW31: 0 | AX31: complete | AY31: 0 | BA31: 0 | BB31: 0 | BC31: 0 | BE31: 1 | BF31: 0 | BG31: all issues (too few non-maintainer) | BI31: 0 | BJ31: 0 | BK31: 0 | BM31: 0 | BN31: 10.03 | BO31: 1 | BP31: 1.92 | BQ31: 1 | BR31: 80.72 | BS31: 1 | BT31: 0 | BU31: 1 | BV31: 0 | BW31: 1 | BX31: 0 | BY31: 1 | BZ31: 0 | CA31: 1 | CB31: 0 | CC31: 0 | CD31: 0 | CE31: 0 | CF31: 0 | CG31: 0 | CH31: 0 | CI31: 0 | CJ31: 10.03 | CK31: 1 | CL31: 0 | CM31: 1 | CN31: 7.9 | CO31: 9 | CP31: 0.69230769 | CQ31: 11.411111
A32: C4-031 | B32: DataCite | C32: https://github.com/datacite | D32: Org URL -> primary repo | E32: github | F32: datacite/lupo | I32: yes | J32: software | K32: GitHub (same repo); org-level datacite/datacite repo idle since 2024 | L32: DataCite REST API | M32: datacite/lupo | N32: yes | O32: datacite/lupo | P32: GitHub | Q32: already_current | R32: Current scoring target already matches resolved list. | S32: datacite/lupo | T32: 12 | U32: 50 | V32: 2 | W32: 4 | X32: 12 | Y32: 0.014 | Z32: 11 | AA32: 2.47 | AB32: 4.05 | AC32: complete | AD32: 868 | AE32: 2026-10-13 | AF32: 192 | AG32: 3 | AH32: 8 | AI32: 51 | AJ32: 37.33 | AK32: 90.58 | AL32: 44.46 | AM32: 5 | AN32: 5 | AO32: 15 | AP32: 51 | AQ32: 1.8 | AR32: 131 | AS32: 13 | AT32: 146 | AU32: 125 | AV32: 8 | AW32: 117 | AX32: complete | AY32: 9 | AZ32: 0.6429 | BA32: 14 | BB32: 115 | BC32: 130 | BD32: 0.8846 | BE32: 2 | BF32: 0 | BG32: non-maintainer issues | BH32: 0.4 | BI32: 10 | BJ32: 4 | BK32: 144 | BL32: 0.8056 | BM32: 116 | BN32: 97.95 | BO32: 1 | BP32: 96.15 | BQ32: 1 | BR32: 100 | BS32: 1 | BT32: 100 | BU32: 1 | BV32: 69.19 | BW32: 1 | BX32: 67.26 | BY32: 1 | BZ32: 100 | CA32: 1 | CB32: 40 | CC32: 1 | CD32: 80.56 | CE32: 1 | CF32: 64.29 | CG32: 1 | CH32: 88.46 | CI32: 1 | CJ32: 15.9 | CK32: 1 | CL32: 0 | CM32: 1 | CN32: 70.750769 | CO32: 13 | CP32: 1 | CQ32: 70.750769
A33: C4-032 | B33: Data Stewardship Wizard | C33: https://github.com/ds-wizard | D33: Org URL -> product set | E33: github | F33: ds-wizard/engine-backend;ds-wizard/engine-frontend | I33: yes | J33: software | K33: GitHub: ds-wizard/ds-wizard (bug reports); ideas.ds-wizard.org for features | L33: Application = backend + frontend | M33: ds-wizard/ds-wizard | N33: yes | O33: ds-wizard/wizard-server | P33: GitHub | Q33: marker_only | R33: Current scoring uses backend + frontend product set; single server repo recorded as candidate. | S33: ds-wizard/engine-backend;ds-wizard/engine-frontend | T33: 12 | U33: 49 | V33: 1 | W33: 2 | X33: 103 | Y33: 0.214 | Z33: 4 | AA33: 15.61 | AB33: 1.93 | AC33: complete | AD33: 378 | AE33: 2026-09-15 | AF33: 68 | AG33: 1 | AH33: 3 | AI33: 71 | AJ33: 66.14 | AK33: 96.43 | AL33: 32.49 | AM33: 8 | AN33: 0 | AO33: 10 | AP33: 0 | AQ33: 3.11 | AR33: 4 | AS33: 4 | AT33: 113 | AU33: 108 | AV33: 1 | AW33: 105 | AX33: complete | AY33: 3 | BA33: 8 | BB33: 107 | BC33: 107 | BD33: 1.0 | BE33: 6 | BF33: 6 | BG33: non-maintainer issues | BH33: 0.6 | BI33: 10 | BJ33: 6 | BK33: 113 | BL33: 0.0265 | BM33: 3 | BN33: 85.94 | BO33: 1 | BP33: 94.23 | BQ33: 1 | BR33: 100 | BS33: 1 | BT33: 100 | BU33: 1 | BV33: 40 | BW33: 1 | BX33: 31.62 | BY33: 1 | BZ33: 75 | CA33: 1 | CB33: 60 | CC33: 1 | CD33: 2.65 | CE33: 1 | CF33: 0 | CG33: 0 | CH33: 100 | CI33: 1 | CJ33: 28.17 | CK33: 1 | CL33: 42.16 | CM33: 1 | CN33: 58.443846 | CO33: 12 | CP33: 0.92307692 | CQ33: 63.314167
A34: C4-033 | B34: Dataverse | C34: https://github.com/IQSS/dataverse | D34: Ready | E34: github | F34: IQSS/dataverse | I34: yes | J34: software | K34: GitHub (same repo) | M34: IQSS/dataverse | S34: IQSS/dataverse | T34: 12 | U34: 51 | V34: 3 | W34: 8 | X34: 55 | Y34: 0.029 | Z34: 53 | AA34: 0.12 | AB34: 7.03 | AC34: complete | AD34: 1830 | AE34: 2026-10-13 | AF34: 999 | AG34: 5 | AH34: 20 | AI34: 5 | AJ34: 24.32 | AK34: 84.87 | AL34: 72.89 | AM34: 253 | AN34: 88 | AO34: 415 | AP34: 815 | AQ34: 1.23 | AR34: 371 | AS34: 51 | AT34: 396 | AU34: 286 | AV34: 59 | AW34: 36 | AX34: complete | AY34: 136 | AZ34: 0.4331 | BA34: 314 | BB34: 206 | BC34: 344 | BD34: 0.5988 | BE34: 88 | BF34: 48 | BG34: non-maintainer issues | BH34: 0.5595 | BI34: 311 | BJ34: 174 | BK34: 390 | BL34: 0.7872 | BM34: 307 | BN34: 100 | BO34: 1 | BP34: 98.08 | BQ34: 1 | BR34: 100 | BS34: 1 | BT34: 100 | BU34: 1 | BV34: 100 | BW34: 1 | BX34: 93.78 | BY34: 1 | BZ34: 100 | CA34: 1 | CB34: 55.95 | CC34: 1 | CD34: 78.72 | CE34: 1 | CF34: 43.31 | CG34: 1 | CH34: 59.88 | CI34: 1 | CJ34: 64.97 | CK34: 1 | CL34: 84.33 | CM34: 1 | CN34: 83.001538 | CO34: 13 | CP34: 1 | CQ34: 83.001538
A35: C4-034 | B35: DLCM Backend | C35: https://gitlab.unige.ch/dlcm/community/dlcm-backend | D35: Non-GitHub | E35: gitlab | F35: https://gitlab.unige.ch/dlcm/community/dlcm-backend | I35: yes | J35: software | K35: GitLab (same project) | L35: GitLab | N35: yes | O35: https://gitlab.unige.ch/dlcm/community/dlcm-backend | P35: GitLab (UNIGE) | Q35: already_current | R35: Current scoring target already matches resolved list. | S35: https://gitlab.unige.ch/dlcm/community/dlcm-backend | T35: 12 | U35: 37 | V35: 3 | W35: 6 | X35: 0 | Y35: 0.0 | Z35: 10 | AA35: 23.4 | AB35: 5.91 | AC35: complete | AD35: 112 | AE35: 2026-10-13 | AF35: 0 | AG35: 0 | AH35: 7 | AI35: 9 | AJ35: 30.36 | AX35: no GitHub source | BN35: 68.43 | BO35: 1 | BP35: 71.15 | BQ35: 1 | BR35: 100 | BS35: 1 | BT35: 100 | BU35: 1 | BV35: 66.44 | BW35: 1 | BX35: 85.44 | BY35: 1 | BZ35: 100 | CA35: 1 | CB35: 0 | CC35: 0 | CD35: 0 | CE35: 0 | CF35: 0 | CG35: 0 | CH35: 0 | CI35: 0 | CJ35: 0 | CK35: 0 | CL35: 0 | CM35: 0 | CN35: 45.496923 | CO35: 7 | CP35: 0.53846154 | CQ35: 84.494286 | CR35: GitLab (same project) | CU35: fill from external tracker or leave blank
A36: C4-035 | B36: DLCM Portal | C36: https://gitlab.unige.ch/dlcm/ui/dlcm-portal | D36: Non-GitHub | E36: gitlab | F36: https://gitlab.unige.ch/dlcm/ui/dlcm-portal | I36: yes | J36: software | K36: GitLab (same project) | L36: GitLab | N36: yes | O36: https://gitlab.unige.ch/dlcm/ui/dlcm-portal | P36: GitLab (UNIGE) | Q36: already_current | R36: Current scoring target already matches resolved list. | S36: https://gitlab.unige.ch/dlcm/ui/dlcm-portal | T36: 11 | U36: 33 | V36: 1 | W36: 2 | X36: 0 | Y36: 0.0 | Z36: 7 | AA36: 2.38 | AB36: 1.94 | AC36: complete | AD36: 173 | AE36: 2026-10-13 | AF36: 0 | AG36: 0 | AH36: 4 | AI36: 22 | AJ36: 67.05 | AX36: no GitHub source | BN36: 74.67 | BO36: 1 | BP36: 63.46 | BQ36: 1 | BR36: 100 | BS36: 1 | BT36: 100 | BU36: 1 | BV36: 56.15 | BW36: 1 | BX36: 31.87 | BY36: 1 | BZ36: 75 | CA36: 1 | CB36: 0 | CC36: 0 | CD36: 0 | CE36: 0 | CF36: 0 | CG36: 0 | CH36: 0 | CI36: 0 | CJ36: 0 | CK36: 0 | CL36: 0 | CM36: 0 | CN36: 38.55 | CO36: 7 | CP36: 0.53846154 | CQ36: 71.592857 | CR36: GitLab (same project) | CU36: fill from external tracker or leave blank
A37: C4-036 | B37: DMP Tool | C37: https://github.com/cdluc3/dmptool/wiki | D37: Replace URL (verify) | E37: github | F37: CDLUC3/dmsp_frontend_prototype;CDLUC3/dmsp_backend_prototype | I37: yes | J37: software | K37: GitHub (frontend repo; backend issues filed there too) | L37: Rebuilt DMP Tool (front + back end, 1,223 human commits in window); legacy cdluc3/dmptool is near idle. Confirm with CDL that these are the production codebase | M37: CDLUC3/dmsp_frontend_prototype | S37: CDLUC3/dmsp_frontend_prototype;CDLUC3/dmsp_backend_prototype | T37: 12 | U37: 49 | V37: 1 | W37: 2 | X37: 48 | Y37: 0.038 | Z37: 9 | AA37: 6.37 | AB37: 2.36 | AC37: complete | AD37: 1223 | AE37: 2026-09-24 | AF37: 653 | AG37: 0 | AH37: 4 | AI37: 1 | AJ37: 59.53 | AK37: 94.44 | AL37: 276.65 | AM37: 52 | AN37: 72 | AO37: 73 | AP37: 0 | AQ37: 5.44 | AR37: 432 | AS37: 26 | AT37: 473 | AU37: 442 | AV37: 5 | AW37: 412 | AX37: complete | AY37: 39 | AZ37: 0.5342 | BA37: 73 | BB37: 445 | BC37: 446 | BD37: 0.9978 | BE37: 0 | BF37: 1 | BG37: all issues (too few non-maintainer) | BH37: 0.3836 | BI37: 73 | BJ37: 28 | BK37: 464 | BL37: 0.9138 | BM37: 424 | BN37: 100 | BO37: 1 | BP37: 94.23 | BQ37: 1 | BR37: 100 | BS37: 1 | BT37: 50 | BU37: 1 | BV37: 63.4 | BW37: 1 | BX37: 41.29 | BY37: 1 | BZ37: 75 | CA37: 1 | CB37: 38.36 | CC37: 1 | CD37: 91.38 | CE37: 1 | CF37: 53.42 | CG37: 1 | CH37: 99.78 | CI37: 1 | CJ37: 0 | CK37: 1 | CL37: 15.02 | CM37: 1 | CN37: 63.221538 | CO37: 13 | CP37: 1 | CQ37: 63.221538
A38: C4-037 | B38: DOAJ (Directory of Open Access Journals) | C38: https://github.com/DOAJ | D38: Org URL -> primary repo | E38: github | F38: DOAJ/doaj | I38: yes | J38: software | K38: GitHub, barely used (1 open) - verify internal tracker | L38: DOAJ website and directory software | M38: DOAJ/doaj | N38: yes | O38: DOAJ/doaj | P38: GitHub | Q38: already_current | R38: Current scoring target already matches resolved list. | S38: DOAJ/doaj | T38: 12 | U38: 51 | V38: 3 | W38: 7 | X38: 2 | Y38: 0.003 | Z38: 16 | AA38: 0.34 | AB38: 8.39 | AC38: complete | AD38: 738 | AE38: 2026-10-06 | AF38: 478 | AG38: 2 | AH38: 11 | AI38: 148 | AJ38: 21.95 | AK38: 30.56 | AL38: 11.45 | AM38: 2 | AN38: 0 | AO38: 8 | AP38: 1 | AQ38: 243.41 | AR38: 76 | AS38: 50 | AT38: 102 | AU38: 22 | AV38: 30 | AW38: 4 | AX38: complete | AY38: 3 | BA38: 8 | BB38: 45 | BC38: 91 | BD38: 0.4945 | BE38: 8 | BF38: 1 | BG38: all issues (too few non-maintainer) | BI38: 8 | BJ38: 2 | BK38: 99 | BL38: 0.3636 | BM38: 36 | BN38: 95.61 | BO38: 1 | BP38: 98.08 | BQ38: 1 | BR38: 100 | BS38: 1 | BT38: 100 | BU38: 1 | BV38: 80 | BW38: 1 | BX38: 100 | BY38: 1 | BZ38: 100 | CA38: 1 | CB38: 0 | CC38: 0 | CD38: 36.36 | CE38: 1 | CF38: 0 | CG38: 0 | CH38: 49.45 | CI38: 1 | CJ38: 31.8 | CK38: 1 | CL38: 15.02 | CM38: 1 | CN38: 62.024615 | CO38: 11 | CP38: 0.84615385 | CQ38: 73.301818
A39: C4-038 | B39: dokieli | C39: https://github.com/linkeddata/dokieli | D39: Ready | E39: github | F39: linkeddata/dokieli | I39: yes | J39: software | K39: GitHub (same repo) | M39: linkeddata/dokieli | S39: linkeddata/dokieli | T39: 12 | U39: 45 | V39: 1 | W39: 2 | X39: 0 | Y39: 0.0 | Z39: 3 | AA39: 0.55 | AB39: 1.92 | AC39: complete | AD39: 916 | AE39: 2026-10-13 | AF39: 2 | AG39: 0 | AH39: 2 | AI39: 0 | AJ39: 60.7 | AK39: 92.59 | AL39: 559.39 | AM39: 31 | AN39: 79 | AO39: 86 | AP39: 0 | AQ39: 1.09 | AR39: 22 | AS39: 4 | AT39: 55 | AU39: 50 | AV39: 1 | AW39: 30 | AX39: complete | AY39: 19 | AZ39: 0.2639 | BA39: 72 | BB39: 40 | BC39: 41 | BD39: 0.9756 | BE39: 45 | BF39: 11 | BG39: all issues (too few non-maintainer) | BH39: 0.1176 | BI39: 85 | BJ39: 10 | BK39: 54 | BL39: 0.4074 | BM39: 22 | BN39: 98.73 | BO39: 1 | BP39: 86.54 | BQ39: 1 | BR39: 100 | BS39: 1 | BT39: 0 | BU39: 1 | BV39: 31.7 | BW39: 1 | BX39: 31.37 | BY39: 1 | BZ39: 50 | CA39: 1 | CB39: 11.76 | CC39: 1 | CD39: 40.74 | CE39: 1 | CF39: 26.39 | CG39: 1 | CH39: 97.56 | CI39: 1 | CJ39: 55.42 | CK39: 1 | CL39: 53.84 | CM39: 1 | CN39: 52.619231 | CO39: 13 | CP39: 1 | CQ39: 52.619231
A40: C4-039 | B40: Dryad | C40: https://github.com/CDL-Dryad/dryad-app | D40: Replace URL | E40: github | F40: datadryad/dryad-app | I40: yes | J40: software | K40: GitHub Issues show 0 open - verify where Dryad tracks issues | L40: CDL-Dryad copy idle since Apr 2024; active repo is datadryad/dryad-app | M40: datadryad/dryad-app | S40: datadryad/dryad-app | T40: 12 | U40: 51 | V40: 1 | W40: 2 | X40: 90 | Y40: 0.059 | Z40: 3 | AA40: 1.38 | AB40: 1.88 | AC40: complete | AD40: 1442 | AE40: 2026-10-13 | AF40: 808 | AG40: 2 | AH40: 3 | AI40: 25 | AJ40: 66.23 | AK40: 98.83 | AM40: 0 | AN40: 0 | AO40: 0 | AP40: 0 | AQ40: 23.3 | AR40: 417 | AS40: 7 | AT40: 606 | AU40: 592 | AV40: 7 | AW40: 214 | AX40: complete | AY40: 0 | BA40: 0 | BB40: 561 | BC40: 567 | BD40: 0.9894 | BE40: 4 | BF40: 1 | BG40: all issues (too few non-maintainer) | BI40: 0 | BJ40: 0 | BK40: 602 | BL40: 0.6213 | BM40: 374 | BN40: 100 | BO40: 1 | BP40: 98.08 | BQ40: 1 | BR40: 100 | BS40: 1 | BT40: 100 | BU40: 1 | BV40: 31.7 | BW40: 1 | BX40: 30.36 | BY40: 1 | BZ40: 75 | CA40: 1 | CB40: 0 | CC40: 0 | CD40: 62.13 | CE40: 1 | CF40: 0 | CG40: 0 | CH40: 98.94 | CI40: 1 | CJ40: 23.3 | CK40: 1 | CL40: 15.02 | CM40: 1 | CN40: 56.502308 | CO40: 11 | CP40: 0.84615385 | CQ40: 66.775455
A41: C4-040 | B41: DSpace | C41: https://github.com/DSpace/DSpace | D41: Ready | E41: github | F41: DSpace/DSpace | I41: yes | J41: software | K41: GitHub (DSpace/DSpace + DSpace/dspace-angular) | M41: DSpace/DSpace | S41: DSpace/DSpace | T41: 12 | U41: 50 | V41: 4 | W41: 19 | X41: 541 | Y41: 0.285 | Z41: 74 | AA41: 0.36 | AB41: 11.83 | AC41: complete | AD41: 1358 | AE41: 2026-10-13 | AF41: 1166 | AG41: 2 | AH41: 21 | AI41: 11 | AJ41: 19.59 | AK41: 92.42 | AL41: 16.94 | AM41: 175 | AN41: 96 | AO41: 286 | AP41: 454 | AQ41: 33.31 | AR41: 365 | AS41: 26 | AT41: 514 | AU41: 317 | AV41: 171 | AW41: 96 | AX41: complete | AY41: 73 | AZ41: 0.3259 | BA41: 224 | BB41: 261 | BC41: 468 | BD41: 0.5577 | BE41: 104 | BF41: 134 | BG41: non-maintainer issues | BH41: 0.9503 | BI41: 181 | BJ41: 172 | BK41: 505 | BL41: 0.5208 | BM41: 263 | BN41: 100 | BO41: 1 | BP41: 96.15 | BQ41: 1 | BR41: 100 | BS41: 1 | BT41: 100 | BU41: 1 | BV41: 100 | BW41: 1 | BX41: 100 | BY41: 1 | BZ41: 100 | CA41: 1 | CB41: 95.03 | CC41: 1 | CD41: 52.08 | CE41: 1 | CF41: 32.59 | CG41: 1 | CH41: 55.77 | CI41: 1 | CJ41: 67.36 | CK41: 1 | CL41: 100 | CM41: 1 | CN41: 84.536923 | CO41: 13 | CP41: 1 | CQ41: 84.536923
